Original_ID,SMILES,Source,InChIKey,MW,LogP,TPSA,RotBonds,Activity_Label
CHEMBL1213082,Cc1ccccc1-n1c(Cn2cnc3c(N)ncnc32)nc2cccc(C)c2c1=O,ChEMBL,GNWHRHGTIBRNSM-UHFFFAOYSA-N,397.4420000000002,2.7727400000000006,104.51,3,Inactive
CHEMBL2030444,COCc1cccc(-c2nc(CS(C)(=O)=O)cc(N3CCOCC3)n2)c1,ChEMBL,XZABOXATXRNWCX-UHFFFAOYSA-N,377.4660000000002,1.6712,81.62,6,Inactive
CHEMBL2030440,CS(=O)(=O)Cc1cc(N2CCOCC2)nc(-c2ccccc2)n1,ChEMBL,ATWTWEBSSHJSEC-UHFFFAOYSA-N,333.41299999999995,1.5248,72.39,4,Inactive
CHEMBL2158425,O=c1cc(NCc2ccccc2)[nH]c(N2CCOCC2)n1,ChEMBL,XQOHBICEMVPHEZ-UHFFFAOYSA-N,286.3350000000001,1.2185999999999997,70.25,4,Inactive
CHEMBL2158434,COC(=O)c1cc(NCc2ccccc2)nc(N2CCOCC2)c1,ChEMBL,UVHCZKGPWKCXLX-UHFFFAOYSA-N,327.3840000000002,2.3169000000000004,63.69,5,Inactive
CHEMBL2158445,C[C@@H](Nc1cc(N2CCOCC2)[nH]c(=O)n1)c1cccc2ccccc12,ChEMBL,HAQACYJAMKDIEN-CQSZACIVSA-N,350.422,2.932800000000001,70.25,4,Inactive
CHEMBL2158426,O=c1cc(NCc2ccccc2)[nH]c(N2CCOCC2)c1,ChEMBL,FODTWJXYQNCEAR-UHFFFAOYSA-N,285.3470000000001,1.8236,57.36,4,Inactive
CHEMBL2158435,OCc1cc(NCc2ccccc2)nc(N2CCOCC2)c1,ChEMBL,OQUKCPQYJNVADS-UHFFFAOYSA-N,299.3740000000001,2.0226,57.620000000000005,5,Inactive
CHEMBL2165190,C[C@@H]1CN(c2cc(N(CCO)Cc3cccc4ccccc34)[nH]c(=O)n2)CCO1,ChEMBL,KXFCSDGILURUCG-MRXNPFEDSA-N,394.47500000000014,2.1471,81.69000000000001,6,Inactive
CHEMBL2165186,CC(C)(CO)CN(Cc1cccc2ccccc12)c1cc(N2CCOCC2)[nH]c(=O)n1,ChEMBL,CLYZSTQQUNQUEY-UHFFFAOYSA-N,422.5290000000003,2.7848000000000006,81.69,7,Inactive
CHEMBL2165184,CCC(O)CN(Cc1cccc2ccccc12)c1cc(N2CCOCC2)[nH]c(=O)n1,ChEMBL,VJPTWKQSAYIWRD-UHFFFAOYSA-N,408.5020000000003,2.5371999999999995,81.69,7,Inactive
CHEMBL2165183,CC(O)CN(Cc1cccc2ccccc12)c1cc(N2CCOCC2)[nH]c(=O)n1,ChEMBL,ITYRDLOSIWZNFA-UHFFFAOYSA-N,394.47500000000025,2.1471,81.69,6,Inactive
CHEMBL2165177,CN(Cc1cccc2ccccc12)c1cc(N2CCOCC2)[nH]c(=O)n1,ChEMBL,BNAXOOIZPLPQLF-UHFFFAOYSA-N,350.4220000000001,2.3961,61.46,4,Inactive
CHEMBL2165194,O=c1cc(N2CCC(O)CC2)[nH]c(NCc2cccc3ccccc23)n1,ChEMBL,IOQSVODHVMJTDZ-UHFFFAOYSA-N,350.4220000000001,2.4963000000000006,81.25,4,Inactive
CHEMBL2172478,CC(=O)Nc1cc(-c2c(Nc3ccn(C)n3)nc3ccc(-c4cnn(C(C)C)c4)cn23)nc(C)n1,ChEMBL,QNSXRDAUAHBZSB-UHFFFAOYSA-N,470.54100000000017,3.9796200000000015,119.85,6,Inactive
CHEMBL2205763,CC(C)(C)NS(=O)(=O)c1cncc(-c2cc(F)n3nc(N)nc3c2)c1,ChEMBL,QPOFJLQXTHTRGN-UHFFFAOYSA-N,364.4060000000001,1.5893999999999997,115.27,3,Inactive
CHEMBL2205771,CCN(CC)S(=O)(=O)c1cncc(-c2ccn3nc(N)nc3c2)c1,ChEMBL,MWWTWWBMSMSISW-UHFFFAOYSA-N,346.4160000000001,1.404,106.48,5,Inactive
CHEMBL2205767,Nc1nc2cc(-c3cncc(S(=O)(=O)NCC(F)(F)F)c3)ccn2n1,ChEMBL,MZDYHMWDNMLKSG-UHFFFAOYSA-N,372.332,1.2140999999999995,115.27,4,Inactive
CHEMBL2205770,Nc1nc2cc(-c3cncc(S(=O)(=O)NCc4ccccc4)c3)ccn2n1,ChEMBL,AGOVQMAPVNSPIZ-UHFFFAOYSA-N,380.433,1.852,115.27,5,Inactive
CHEMBL2205768,CC(C)(NS(=O)(=O)c1cncc(-c2ccn3nc(N)nc3c2)c1)C(F)(F)F,ChEMBL,QEHDGYWAXQTRQU-UHFFFAOYSA-N,400.3860000000001,1.9926999999999997,115.27,4,Inactive
CHEMBL2205772,CC1(C)CCN1S(=O)(=O)c1cncc(-c2ccn3nc(N)nc3c2)c1,ChEMBL,IUFIBKUHDBFWOD-UHFFFAOYSA-N,358.4270000000001,1.5464999999999998,106.48,3,Inactive
CHEMBL2205765,CC(C)NS(=O)(=O)c1cncc(-c2ccn3nc(N)nc3c2)c1,ChEMBL,HRZFUMGOVROJJL-UHFFFAOYSA-N,332.38900000000007,1.0601999999999996,115.27,4,Inactive
CHEMBL2205764,CCCNS(=O)(=O)c1cncc(-c2ccn3nc(N)nc3c2)c1,ChEMBL,YVFBCMVHJYQPKJ-UHFFFAOYSA-N,332.38900000000007,1.0618,115.27,5,Inactive
CHEMBL2205774,CNS(=O)(=O)c1cncc(-c2ccn3nc(N)nc3c2)c1,ChEMBL,MDBIXUKQOSSWPT-UHFFFAOYSA-N,304.33500000000004,0.2815999999999995,115.27,3,Inactive
CHEMBL2205773,Nc1nc2cc(-c3cncc(S(N)(=O)=O)c3)ccn2n1,ChEMBL,BVAIASCEGGMUQD-UHFFFAOYSA-N,290.308,0.0208999999999997,129.26,2,Inactive
CHEMBL2203312,CS(=O)(=O)c1cncc(-c2ccn3nc(N)nc3c2)c1,ChEMBL,HONAHTYKAJCBTP-UHFFFAOYSA-N,289.32000000000005,0.7770000000000002,103.24,2,Inactive
CHEMBL2205769,Nc1nc2cc(-c3cncc(S(=O)(=O)Nc4ccccc4)c3)ccn2n1,ChEMBL,UHGIAVQHWGJRKS-UHFFFAOYSA-N,366.406,2.1743,115.27,4,Inactive
CHEMBL1355736,Cn1c(=O)c2[nH]cnc2n(C)c1=O,ChEMBL,ZFXYFBGIUFBOJW-UHFFFAOYSA-N,180.167,-1.0397000000000003,72.68,0,Inactive
CHEMBL113,Cn1c(=O)c2c(ncn2C)n(C)c1=O,ChEMBL,RYYVLZVUVIJVGH-UHFFFAOYSA-N,194.194,-1.0293,61.82,0,Inactive
CHEMBL3600693,CS(=O)(=O)c1ccc(-c2ccc3nc(N)sc3c2)cn1,ChEMBL,HGFZYBDLZYGJML-UHFFFAOYSA-N,305.384,2.3440000000000003,85.94,2,Inactive
CHEMBL3600781,O=c1cc(-c2ccc3nc(NCC4CCOCC4)sc3c2)ccn1CC1CC1,ChEMBL,FEUPFWSRAMSZRO-UHFFFAOYSA-N,395.5280000000001,4.373500000000004,56.15,6,Inactive
CHEMBL3600782,C[C@@H](Nc1nc2ccc(-c3ccn(CC4CC4)c(=O)c3)cc2s1)C1CCOCC1,ChEMBL,WTFBXXYMHMHBJI-OAHLLOKOSA-N,409.5550000000002,4.762000000000004,56.150000000000006,6,Inactive
CHEMBL3600783,C[C@H](Nc1nc2ccc(-c3ccn(CC4CC4)c(=O)c3)cc2s1)C1CCOCC1,ChEMBL,WTFBXXYMHMHBJI-HNNXBMFYSA-N,409.5550000000002,4.762000000000004,56.150000000000006,6,Inactive
CHEMBL370299,COc1ccc(C(=O)C(O)c2ccc(OC)cc2)cc1,ChEMBL,LRRQSCPPOIUNGX-UHFFFAOYSA-N,272.3,2.6201000000000008,55.760000000000005,5,Inactive
CHEMBL190677,O=C(c1ccccc1)C(O)c1ccccc1,ChEMBL,ISAOCJYIOMOJEB-UHFFFAOYSA-N,212.248,2.602900000000001,37.3,3,Inactive
CHEMBL3601178,COc1ccc(C(=O)C(OC(=O)c2ccc(F)cc2)c2ccc(OC)cc2)cc1,ChEMBL,HUCVIDYLQOAFLW-UHFFFAOYSA-N,394.3980000000001,4.623900000000004,61.83,7,Inactive
CHEMBL3601176,O=C(OC(C(=O)c1ccccc1)c1ccccc1)c1ccc(F)cc1,ChEMBL,HZNNDORNHGSURB-UHFFFAOYSA-N,334.34600000000006,4.606700000000003,43.370000000000005,5,Inactive
CHEMBL3601175,O=C(OC(C(=O)c1ccccc1)c1ccccc1)c1cccc(F)c1,ChEMBL,DITLWGIWYDXJSZ-UHFFFAOYSA-N,334.34600000000006,4.606700000000003,43.370000000000005,5,Inactive
CHEMBL3601174,O=C(OC(C(=O)c1ccccc1)c1ccccc1)c1ccccc1F,ChEMBL,QXODJKDIYOZQRE-UHFFFAOYSA-N,334.34600000000006,4.606700000000003,43.370000000000005,5,Inactive
CHEMBL3601173,O=C(OC(C(=O)c1ccccc1)c1ccccc1)c1ccc([N+](=O)[O-])cc1,ChEMBL,SEAMCNVLQBAONF-UHFFFAOYSA-N,361.3530000000001,4.375800000000004,86.51,6,Inactive
CHEMBL3601172,O=C(OC(C(=O)c1ccccc1)c1ccccc1)c1ccccc1,ChEMBL,FGOSBCXOMBLILW-UHFFFAOYSA-N,316.35600000000005,4.467600000000004,43.370000000000005,5,Inactive
CHEMBL4229035,Cc1ccccc1-n1c(Cn2cc(-c3ccccc3)nn2)nc2cccc(C)c2c1=O,ChEMBL,UAPBPUXGFWPFLI-UHFFFAOYSA-N,407.4770000000002,4.309340000000003,65.6,4,Inactive
CHEMBL4228200,COc1ccc(-c2cn(Cc3nc4cccc(C)c4c(=O)n3-c3ccccc3C)nn2)c(C)c1,ChEMBL,ZHEZUYRFPAASAR-UHFFFAOYSA-N,451.5300000000002,4.626360000000004,74.83000000000001,5,Inactive
CHEMBL4449676,c1cc(-c2ccc3c[nH]nc3c2)c2cc[nH]c2c1,ChEMBL,NTRGGWDIDVNWMQ-UHFFFAOYSA-N,233.274,3.7112000000000007,44.47,1,Inactive
CHEMBL4756631,O=C(Cc1nnc(-c2ccccn2)o1)NCc1ccc(F)cc1Cl,ChEMBL,WOHXMCKHYRZMJE-UHFFFAOYSA-N,346.749,2.7830000000000013,80.91,5,Inactive
CHEMBL4797000,O=C(Cc1nnc(-c2ccc3c(c2)OCO3)o1)NCc1ccc(F)cc1,ChEMBL,HFYXIEMXPIVPKY-UHFFFAOYSA-N,355.3250000000001,2.4633000000000003,86.48,5,Inactive
CHEMBL4754150,O=C(Cc1nnc(-c2ccc3ncccc3c2)o1)N1CCN(c2ccccc2)CC1,ChEMBL,WYABHLZQGSZCPG-UHFFFAOYSA-N,399.4540000000002,3.1761000000000017,75.35999999999999,4,Inactive
CHEMBL4794184,O=C(Cc1nnc(-c2ccc3ncccc3c2)o1)Nc1ccc(OC(F)(F)F)cc1,ChEMBL,XSMOZXJXWDNWLF-UHFFFAOYSA-N,414.3430000000001,4.364600000000002,90.14,5,Inactive
CHEMBL4762002,O=C(Cc1nnc(-c2ccc3ncccc3c2)o1)Nc1cccc(C(F)(F)F)c1,ChEMBL,CDGQNXAEHNKNFF-UHFFFAOYSA-N,398.3440000000001,4.484800000000002,80.91,4,Inactive
CHEMBL4799648,N#Cc1cc(NC(=O)Cc2nnc(-c3ccc4ncccc4c3)o2)ccc1F,ChEMBL,BFRIFBLFWOLBOO-UHFFFAOYSA-N,373.3470000000001,3.476780000000001,104.7,4,Inactive
CHEMBL4798869,COc1ccc(NC(=O)Cc2nnc(-c3ccc4ncccc4c3)o2)cc1OC,ChEMBL,KUKWUYXCFMAAOQ-UHFFFAOYSA-N,390.3990000000001,3.483200000000002,99.37,6,Inactive
CHEMBL4786123,COC(=O)c1ccc2[nH]c(NC(=O)N3CCCC3C(N)=O)nc2c1,ChEMBL,DOQKQNVZZPVOLR-UHFFFAOYSA-N,331.33200000000005,0.8310999999999998,130.40999999999997,3,Inactive
CHEMBL5203809,C[C@H]1CC[C@@H](c2nc3cccc(Cl)c3c(=O)n2-c2cccc(F)c2)N1c1nc(N)nc(N)c1C#N,ChEMBL,SYVKTZKGIMYEOD-SGTLLEGYSA-N,490.9300000000002,3.734280000000001,139.74,3,Inactive
CHEMBL5186685,O=C(Nc1cc(-c2ccccc2)ccn1)C1CCOC1,ChEMBL,UQVWJJHJTRFWKA-UHFFFAOYSA-N,268.31600000000003,2.7236,51.22,3,Inactive
CHEMBL5180360,CNC(=O)c1cc(Nc2ccn(C)n2)cc(-c2ccnc(NC(=O)C3CCOCC3)c2)c1,ChEMBL,YMXAMDVQZWTORW-UHFFFAOYSA-N,434.5000000000003,2.950400000000001,110.17,6,Inactive
CHEMBL5178010,CNC(=O)c1cc(NC2CCOCC2)cc(-c2ccnc(NC(=O)C3CCOCC3)c2)c1,ChEMBL,SGAKRFOZYPAZKV-UHFFFAOYSA-N,438.5280000000002,3.0642000000000014,101.58,6,Inactive
CHEMBL5198244,CNC(=O)c1cc(Nc2ccc(F)cc2)cc(-c2cc(NC(=O)C3CCOCC3)ncn2)c1,ChEMBL,HOLSQEJUYKLXLJ-UHFFFAOYSA-N,449.4860000000003,3.751000000000002,105.24,6,Inactive
CHEMBL5182242,O=C(CO)Nc1cc(Nc2ccccc2)cc(-c2ccnc(NC(=O)C3CCOCC3)c2)c1,ChEMBL,CJQSYHGIQJMSSF-UHFFFAOYSA-N,446.5070000000003,3.788100000000002,112.58,7,Inactive
CHEMBL5200538,CC(=O)N(C)c1cc(Nc2ccccc2)cc(-c2ccnc(NC(=O)C3CCOCC3)c2)c1,ChEMBL,MDAJVZNANJQUOT-UHFFFAOYSA-N,444.5350000000003,4.840000000000003,83.56000000000002,6,Inactive
CHEMBL5208135,CN(C)CCOc1cc(Nc2ccccc2)cc(-c2ccnc(NC(=O)C3CCOCC3)c2)c1,ChEMBL,KCLKICSVWGPXTL-UHFFFAOYSA-N,460.57800000000026,4.797700000000003,75.72000000000001,9,Inactive
CHEMBL5171431,CN1CCN(Cc2cc(Nc3ccccc3)cc(-c3ccnc(NC(=O)C4CCOCC4)c3)c2)CC1,ChEMBL,APODBSSKQRJPHY-UHFFFAOYSA-N,485.6320000000004,4.604700000000004,69.73,7,Inactive
CHEMBL5557413,COc1ccc(Nc2cc3c(cn2)n(C)c(=O)n3C2COC2)c(C)c1,ChEMBL,AHHWDWSWFAEIPA-UHFFFAOYSA-N,340.3830000000001,2.3669200000000004,70.31,4,Inactive
CHEMBL5989041,COc1ccc(-c2sc(N[C@H](C)C3CCCCC3)nc2C)cc1S(=O)(=O)NC1CCNCC1,ChEMBL,PMLMEBWOVHWEEL-MRXNPFEDSA-N,492.7110000000003,4.538120000000003,92.35,8,Inactive
CHEMBL5806223,COc1ccc(-c2sc(N[C@H](C)C3CCCCC3)nc2C)cc1S(=O)(=O)NC1CCCNC1,ChEMBL,PYDDYPWIQFPTSD-QRIPLOBPSA-N,492.7110000000003,4.538120000000003,92.35,8,Inactive
PubChem_566479,Nc1nonc1-c1noc(Cc2cccs2)n1,PubChem,ALUQENFNJJUZKD-UHFFFAOYSA-N,249.255,1.3541,103.86,3,Inactive
PubChem_5025739,c1ccc(N2CCN(Cc3nc4ccccc4[nH]3)CC2)nc1,PubChem,FRPJGTNLZNXQEX-UHFFFAOYSA-N,293.3740000000001,2.2801,48.05,3,Inactive
PubChem_8547141,Cn1ncc2c(NCc3ccccc3)nc(N3CCOCC3)nc21,PubChem,JGMDTORYFCXYLK-UHFFFAOYSA-N,324.38800000000015,1.812,68.10000000000001,4,Inactive
PubChem_9837640,O=c1nc(-c2ccccn2)sc2ccccc12,PubChem,GBAKVEWPYUIGHN-UHFFFAOYSA-N,240.287,2.7185000000000006,42.85,1,Inactive
PubChem_10039361,O=c1cc(N2CCOCC2)nc2c3ccccc3ccn12,PubChem,BVRDQVRQVGRNHG-UHFFFAOYSA-N,281.315,1.6842999999999997,46.84,1,Inactive
PubChem_10383101,O=c1[nH]c(=O)c2nc(-c3cccc(O)c3)c(-c3cccc(O)c3)nc2[nH]1,PubChem,MCICQGDYMXZNFS-UHFFFAOYSA-N,348.31800000000004,1.7515999999999998,131.96,2,Inactive
PubChem_11524200,Cc1c[nH]c2nccc(Oc3c(F)cc(Nc4cc(Cl)nc(N)n4)cc3F)c12,PubChem,NRSGWEVTVGZDFC-UHFFFAOYSA-N,402.7920000000001,4.711020000000001,101.74,4,Inactive
PubChem_11525848,COc1cccc(CNC(=O)c2nc(=O)c3c(COCc4ccc(C(=O)O)cc4)csc3[nH]2)c1,PubChem,CDQRIIUMNLMHRH-UHFFFAOYSA-N,479.5140000000002,3.3382000000000014,130.61,9,Inactive
PubChem_11537281,COc1ccc2c(Nc3ccc(C(C)=O)cc3)c3ccoc3nc2c1,PubChem,WDUROPLTLATKGN-UHFFFAOYSA-N,332.3590000000001,4.935800000000003,64.36,4,Inactive
PubChem_11772152,CSc1cccnc1N1CCN(Cc2nc3ccccc3[nH]2)CC1,PubChem,CWIBKFSDMFUDFD-UHFFFAOYSA-N,339.468,3.0020000000000007,48.05,4,Inactive
PubChem_16456632,CC1CN(c2nc(Nc3ccccc3)c3cnn(C)c3n2)CC(C)O1,PubChem,KWRJCXMSVMOTRB-UHFFFAOYSA-N,338.41500000000013,2.7205000000000004,68.10000000000001,3,Inactive
PubChem_16760513,O=[N+]([O-])c1ccc(CNc2nc(NCc3cccc(C(F)(F)F)c3)nc3[nH]cnc23)cc1,PubChem,DDSBPUYZPWNNGH-UHFFFAOYSA-N,443.38900000000007,4.504100000000002,121.66,7,Inactive
PubChem_17755495,Nc1ccc2nc(-c3cccc(O)c3)c(-c3cccc(O)c3)nc2c1,PubChem,ABRXGDFENWZLCW-UHFFFAOYSA-N,329.3590000000001,3.957200000000001,92.26,2,Inactive
PubChem_17755613,COc1cccc(-c2nc3nc(N)nc(N)c3nc2-c2cccc(OC)c2)c1,PubChem,OMTVAGKOENPQBI-UHFFFAOYSA-N,374.4040000000001,2.9354000000000013,122.06,4,Inactive
PubChem_20917060,COc1cccc(Nc2nc(N3CCN(CCO)CC3)nc3c2cnn3C)c1,PubChem,YJYUPWMOELYNJB-UHFFFAOYSA-N,383.4560000000001,1.2297999999999996,91.57,6,Inactive
PubChem_23652660,CCC(F)(F)c1cc(N2CCC(S(C)(=O)=O)CC2)nc2sc(C(N)=O)c(N)c12,PubChem,IYHHRZBKXXKDDY-UHFFFAOYSA-N,432.51800000000026,2.4926,119.38,5,Inactive
PubChem_23728722,CC(=O)C1=C(C)N(c2cccc(C(F)(F)F)c2)C(=O)N[C@@H]1c1ccc(C#N)nc1,PubChem,PGIVGIFOWOVINL-GOSISDBHSA-N,400.36000000000007,4.105980000000003,86.09,3,Inactive
PubChem_25023755,Cc1nc2ccc(Cl)cn2c1-c1ccn(S(=O)(=O)c2ccc([N+](=O)[O-])cc2)n1,PubChem,YWSLBNYHOCEYAG-UHFFFAOYSA-N,417.8340000000002,3.304820000000002,112.4,4,Inactive
PubChem_25114442,COc1ccc2cc(OCC3(C(=O)O)CN(C(=O)c4ccc(F)cc4)C3)ccc2c1,PubChem,LWJGMYMNSNVCEM-UHFFFAOYSA-N,409.41300000000007,3.593300000000002,76.07000000000001,6,Inactive
PubChem_25229646,N#CC1(c2ccccn2)CCN(Cc2cc(C(=O)O)c(=O)n3ccccc23)CC1,PubChem,RJTJRVASUFIDQM-UHFFFAOYSA-N,388.4270000000001,2.4500800000000007,98.7,4,Inactive
PubChem_42641861,CCC(=NO)/C(C)=C/c1ccc(F)cc1,PubChem,HKROEBDHHKMNBZ-YAERWZOESA-N,207.248,3.4692000000000016,32.59,3,Inactive
PubChem_44180856,O=c1cc(N2CCOCC2)oc2c(N3CCCCC3)csc12,PubChem,FJEKWPLAXAPRSZ-UHFFFAOYSA-N,320.414,2.681400000000001,45.92000000000001,2,Inactive
PubChem_44180963,O=c1cc(N2CCOCC2)oc2c(-c3ccc(N4CCOCC4)cc3)csc12,PubChem,OHCURTHPKWVHMQ-UHFFFAOYSA-N,398.4840000000002,3.194700000000002,55.150000000000006,3,Inactive
PubChem_44448750,COc1cc2nc3occc3c(-n3cnc([N+](=O)[O-])c3)c2cc1OC,PubChem,NFXVOFMVFIIFOA-UHFFFAOYSA-N,340.29500000000013,3.092100000000001,105.45,4,Inactive
PubChem_44448751,COc1cc2nc3occc3c(-n3ccnc3)c2cc1OC,PubChem,UIPUIYKJGXQICM-UHFFFAOYSA-N,295.29800000000006,3.1839000000000013,62.31,3,Inactive
PubChem_44448777,O=[N+]([O-])c1cn(-c2c3cc4c(cc3nc3occc23)OCO4)cn1,PubChem,HWKHAKCDXPSQQJ-UHFFFAOYSA-N,324.25200000000007,2.803600000000001,105.45,2,Inactive
PubChem_44448779,COc1ccc2c(Oc3cccc([N+](=O)[O-])c3)c3ccoc3nc2c1,PubChem,XMSBHGJGXRHQEH-UHFFFAOYSA-N,336.30300000000005,4.690100000000004,87.63,4,Inactive
PubChem_44448780,COc1ccc2c(-n3ccnc3)c3ccoc3nc2c1,PubChem,BFWCSNRASUSBOD-UHFFFAOYSA-N,265.272,3.175300000000002,53.08,2,Inactive
PubChem_44448809,Fc1ccc(Oc2c3cc4c(cc3nc3occc23)OCO4)cc1,PubChem,AMHJLQGGNHMOPW-UHFFFAOYSA-N,323.27900000000005,4.641100000000002,53.72000000000001,2,Inactive
PubChem_44448810,N#Cc1ccc(Oc2c3cc4c(cc3nc3occc23)OCO4)cc1,PubChem,CMRNWWPYABRICP-UHFFFAOYSA-N,330.2990000000001,4.373680000000003,77.51,2,Inactive
PubChem_44448811,COc1cc2nc3occc3c(Oc3cccnc3)c2cc1OC,PubChem,DQRNTHCTHYSSPJ-UHFFFAOYSA-N,322.3200000000001,4.185500000000003,66.61000000000001,4,Inactive
PubChem_44448840,COc1ccc2c(S(=O)c3ccc([N+](=O)[O-])cc3)c3ccoc3nc2c1,PubChem,CVHQRCGLEMJPCC-UHFFFAOYSA-N,368.3700000000001,4.064500000000003,95.47,4,Inactive
PubChem_44448842,COc1ccc2c(Sc3ccc(C(=O)O)cc3)c3ccoc3nc2c1,PubChem,ZUBPEHURRONPMD-UHFFFAOYSA-N,351.3830000000001,4.839000000000003,72.56,4,Inactive
PubChem_44448843,c1cncc(Oc2c3cc4c(cc3nc3occc23)OCO4)c1,PubChem,OPUOLXVHEYYRGU-UHFFFAOYSA-N,306.27700000000004,3.897000000000003,66.61000000000001,2,Inactive
PubChem_44448844,COc1ccc2c(Oc3cccnc3)c3ccoc3nc2c1,PubChem,XXTNKZBBEQAHGV-UHFFFAOYSA-N,292.29400000000004,4.1769000000000025,57.38,3,Inactive
PubChem_44448846,O=[N+]([O-])c1ccc(Oc2c3cc4c(cc3nc3occc23)OCO4)cc1,PubChem,KZUIMNBPJZHPNE-UHFFFAOYSA-N,350.2860000000001,4.410200000000003,96.86,3,Inactive
PubChem_44448847,O=[N+]([O-])c1ccc(Sc2c3cc4c(cc3nc3occc23)OCO4)cc1,PubChem,XJXWRDQFJZBGPS-UHFFFAOYSA-N,366.3540000000001,4.769100000000002,87.63000000000001,3,Inactive
PubChem_44448916,COc1ccc2c(N3CCN(C(C)=O)CC3)c3ccoc3nc2c1,PubChem,MOAHSNYRLYSOEM-UHFFFAOYSA-N,325.36800000000005,2.658100000000001,58.81,2,Inactive
PubChem_44448917,c1cn(-c2c3cc4c(cc3nc3occc23)OCO4)cn1,PubChem,RSLLTFUPFLHVNX-UHFFFAOYSA-N,279.25499999999994,2.8954000000000013,62.31,1,Inactive
PubChem_44470113,C[C@H](c1cccc(C#N)c1)n1cc(Cl)cc(C(N)=O)c1=N,PubChem,CDJPHTNUARAVMH-SECBINFHSA-N,300.749,2.2008499999999995,95.66,3,Inactive
PubChem_45376872,CCOC(=O)c1cc2cc(-c3cc(C(=O)NCc4ccc(C(=O)O)cc4)nn3C)ccc2[nH]1,PubChem,MMJPVSDTLGFIQW-UHFFFAOYSA-N,446.4630000000001,3.3733000000000013,126.31,7,Inactive
PubChem_49821991,COCCOc1nc(-c2ccc(Cl)nc2)nc2c1CN(C(=O)c1ncn3ccccc13)CC2,PubChem,JBHLOPKIPKTRSU-UHFFFAOYSA-N,464.9130000000003,3.063400000000001,94.74,6,Inactive
PubChem_51031001,CC(=O)N1CCC(c2ccc(C(=O)N=C(N)N)cc2C(F)(F)F)CC1,PubChem,QMHRLXNEGYTSRV-UHFFFAOYSA-N,356.34800000000007,1.8449000000000004,101.78,2,Inactive
PubChem_51346964,CCC(=O)N[C@H]1CCC(C(=O)N(C)c2ccc(-c3nc4ccccc4o3)cc2)C1,PubChem,YNFDIGJKJPNFFD-DJNXLDHESA-N,391.4710000000001,4.152500000000003,75.44,5,Inactive
PubChem_52916803,CS(=O)(=O)c1cc(C2(NC(=O)c3cncc4c3cnn4-c3ccc(F)cc3)CC2)ccn1,PubChem,PXQATVYJKMMHAU-UHFFFAOYSA-N,451.4830000000002,2.777200000000001,106.84,5,Inactive
PubChem_53357348,Cc1ccc(-c2nc3cc(NC(=O)CCl)ccc3[nH]2)cc1,PubChem,NAMMFALAYMFCHU-UHFFFAOYSA-N,299.761,3.715620000000001,57.78,3,Inactive
PubChem_56645363,CC(C)(O)c1cncc(-c2nc3ccc(F)cc3n2C2CC2)c1,PubChem,OAMLIJKKGZLNHE-UHFFFAOYSA-N,311.36000000000007,3.7997000000000014,50.940000000000005,3,Inactive
PubChem_56649300,Cc1cc(-n2nc(Cc3cc(F)cc(C(F)(F)F)c3)nc2C)ccc1C(N)=O,PubChem,TYXSIXOYTBHZFA-UHFFFAOYSA-N,392.35600000000017,3.731740000000002,73.80000000000001,4,Inactive
PubChem_56666132,Cc1ccc(-c2nc3cc(NC(=O)CCCl)ccc3[nH]2)cc1,PubChem,HXUOURNGTWNNHV-UHFFFAOYSA-N,313.788,4.1057200000000025,57.78,4,Inactive
PubChem_56678756,CCC(=O)N[C@@H]1CCC(C(=O)N(C)c2ccc(-c3nc4ccccc4o3)cc2)C1,PubChem,YNFDIGJKJPNFFD-ZYMOGRSISA-N,391.4710000000001,4.152500000000003,75.44,5,Inactive
PubChem_56849304,CN(C)C(=O)Cn1cc(-c2nc(C3(c4ccc(-c5cnc(N)nc5)cc4)CC3)no2)cn1,PubChem,VAAPYECJHQQRAS-UHFFFAOYSA-N,430.47200000000015,2.1404,128.85000000000002,6,Inactive
PubChem_56850410,Cn1nc(C(=O)NCc2ccc(C(=O)O)cc2)cc1-c1ccc2[nH]ccc2c1,PubChem,FOIUQQUDMFDDDC-UHFFFAOYSA-N,374.4000000000001,3.196600000000001,100.01,5,Inactive
PubChem_56956256,O=C(Nc1ccc2c(c1)B(O)OC2)c1c(C(F)(F)F)ccc(Cl)c1F,PubChem,NUGMIZCCBJBPOC-UHFFFAOYSA-N,373.49799999999993,2.967900000000001,58.56,2,Inactive
PubChem_57861407,CCOCCn1cc(C(=O)Nc2ccc(-n3nc(-c4cccnc4)cc3C(F)(F)F)cn2)ccc1=O,PubChem,KMESAVNRPDKZCQ-UHFFFAOYSA-N,498.46500000000015,3.798600000000002,103.93,8,Inactive
PubChem_59548207,c1cnc(Nc2cccc3[nH]ncc23)c(-c2ncnc3[nH]cnc23)c1,PubChem,OSWNLJFEDVBKFP-UHFFFAOYSA-N,328.33900000000006,3.0348,108.06000000000002,3,Inactive
PubChem_66579030,COCN1c2c(C(=O)N3CCOCC3)nn(-c3ccccc3)c2-c2ccccc2S1(=O)=O,PubChem,ZTXNRTOMMWDGJY-UHFFFAOYSA-N,454.5080000000001,2.1243,93.97,4,Inactive
PubChem_66580666,CC1COCCN1C(=O)c1nn(-c2ccccc2)c2c1CS(=O)(=O)c1ccccc1-2,PubChem,FBVLDJCCJMFZDI-UHFFFAOYSA-N,423.49400000000026,2.687500000000001,81.5,2,Inactive
PubChem_66580703,COc1ccccc1-n1nc(C(=O)N2CCOCC2)c2c1-c1ccccc1S(=O)(=O)C2,PubChem,JOUZWMSVUQUZEJ-UHFFFAOYSA-N,439.49300000000017,2.3076,90.73,3,Inactive
PubChem_66580743,O=C(c1nn(-c2ccc(-c3ccccc3)cc2)c2c1CS(=O)(=O)c1ccccc1-2)N1CCOCC1,PubChem,MNRNDMCPHZQIQQ-UHFFFAOYSA-N,485.56500000000034,3.966000000000003,81.5,3,Inactive
PubChem_66580763,O=C(c1nn(Cc2cnccn2)c2c1CS(=O)(=O)c1ccccc1-2)N1CCOCC1,PubChem,FWFGGEXYUYHXRC-UHFFFAOYSA-N,425.47000000000025,1.1481,107.28,3,Inactive
PubChem_66581151,O=C(c1nn(-c2ccccc2)c2c1CS(=O)(=O)c1c(-c3ccccc3)cccc1-2)N1CCOCC1,PubChem,KJVAOFDXTZFFFV-UHFFFAOYSA-N,485.5650000000003,3.966000000000003,81.5,3,Inactive
PubChem_66581228,COc1ccc(C(=O)Cn2nc(C(=O)N3CCOCC3)c3c2-c2ccccc2S(=O)(=O)C3)cc1,PubChem,FQWOWQILDMIFMC-UHFFFAOYSA-N,481.53000000000026,2.2013,107.8,5,Inactive
PubChem_66764813,CN(C)C(=O)Cn1cc(-c2nc([C@@](C)(c3ccc(-c4cnc(N)nc4)cc3)C3CC3)no2)cn1,PubChem,QGPXEIMWTKWHMH-DEOSSOPVSA-N,458.5260000000002,2.7765000000000013,128.85000000000002,7,Inactive
PubChem_68267665,O=C(c1nn(C2CN3CCC2CC3)c2c1CS(=O)(=O)c1ccccc1-2)N1CCOCC1,PubChem,UNAIQOJJSROOEC-UHFFFAOYSA-N,442.5410000000003,1.5765,84.74000000000001,2,Inactive
PubChem_70702024,Cn1ncc2c(OCc3ccccc3)nc(N3CCOCC3)nc21,PubChem,BKCAVWOTAZBIBF-UHFFFAOYSA-N,325.3720000000001,1.7789,65.3,4,Inactive
PubChem_70702025,Cn1ncc2c(SCc3ccccc3)nc(N3CCOCC3)nc21,PubChem,GFFRXZDFGLQQPP-UHFFFAOYSA-N,341.4400000000002,2.4922000000000004,56.07000000000001,4,Inactive
PubChem_70702027,CC(C)Oc1nc(N2CCOCC2)nc2c1cnn2C,PubChem,FLVCLTFSBULUJM-UHFFFAOYSA-N,277.328,0.9870999999999994,65.30000000000001,3,Inactive
PubChem_71455782,N#CC1(c2ccccn2)CCN(Cc2cc(C(=O)N3CCCC3)c(=O)n3ccccc23)CC1,PubChem,ASAKPTPDFNXOQN-UHFFFAOYSA-N,441.5350000000003,2.987880000000001,81.71000000000001,4,Inactive
PubChem_72708974,Cc1noc(C)c1C(=O)CN1c2nc(N3C[C@@H]4C[C@H]3CO4)cc(=O)n2CC[C@H]1C(F)(F)F,PubChem,BTUDCSBOMMGNSH-YDHLFZDLSA-N,453.42100000000016,1.84954,93.70000000000002,4,Inactive
PubChem_72708977,CC(C)C(=O)CN1c2nc(N3C[C@@H]4C[C@H]3CO4)cc(=O)n2CC[C@H]1C(F)(F)F,PubChem,SKNNZPGOULYJDQ-OBJOEFQTSA-N,400.4010000000001,1.5868999999999998,67.67,4,Inactive
PubChem_72709049,Cc1nc(CN2c3nc(N4C[C@@H]5C[C@H]4CO5)cc(=O)n3CC[C@H]2C(F)(F)F)no1,PubChem,YSSRVXFCHRPMQW-SRVKXCTJSA-N,412.37200000000007,1.25342,89.52000000000001,3,Inactive
PubChem_72709053,O=C(CN1c2nc(N3C[C@@H]4C[C@H]3CO4)cc(=O)n2CC[C@H]1C(F)(F)F)c1ccc2nsnc2c1,PubChem,IEWPYBRXQPHBBX-DCGLDWPTSA-N,492.4830000000002,2.2494000000000005,93.45,4,Inactive
PubChem_72709133,COc1ncccc1C(=O)CN1c2nc(N3C[C@@H]4C[C@H]3CO4)cc(=O)n2CC[C@H]1C(F)(F)F,PubChem,WWMRQHXZHUBFAG-XEZPLFJOSA-N,465.4320000000002,1.6483,89.79000000000002,5,Inactive
PubChem_72709134,Cn1cncc1C(=O)CN1c2nc(N3C[C@@H]4C[C@H]3CO4)cc(=O)n2CC[C@H]1C(F)(F)F,PubChem,YCPYTUJFJQFQNV-HUBLWGQQSA-N,438.41000000000014,0.9781999999999992,85.49000000000001,4,Inactive
PubChem_72709216,Cn1nccc1C(=O)CN1c2nc(N3C[C@@H]4C[C@H]3CO4)cc(=O)n2CC[C@H]1C(F)(F)F,PubChem,WOULKMORMZBJFB-HUBLWGQQSA-N,438.41000000000014,0.9781999999999992,85.49000000000001,4,Inactive
PubChem_72709293,O=C(CN1c2nc(N3CC4CCC(C3)O4)cc(=O)n2CC[C@H]1C(F)(F)F)c1ccncc1,PubChem,KWNARWSFHQVMBU-DQPZFDDXSA-N,449.4330000000001,2.0298,80.56,4,Inactive
PubChem_72709441,O=C(CN1c2nc(N3CC4CCC(C3)O4)cc(=O)n2CC[C@H]1C(F)(F)F)c1cccnc1,PubChem,ANMVCUQTPIGPLM-DQPZFDDXSA-N,449.4330000000001,2.0298,80.56,4,Inactive
PubChem_72709522,Cc1ccc(C(=O)CN2c3nc(N4C[C@@H]5C[C@H]4CO5)cc(=O)n3CC[C@H]2C(F)(F)F)cn1,PubChem,QHRYYPXGEFZJET-ZOBUZTSGSA-N,449.43300000000016,1.9481199999999996,80.56,4,Inactive
PubChem_72709524,CN(C)c1ccc(C(=O)CN2c3nc(N4C[C@@H]5C[C@H]4CO5)cc(=O)n3CC[C@H]2C(F)(F)F)cn1,PubChem,JMGYETZXHQZJEE-ZOBUZTSGSA-N,478.47500000000014,1.7056999999999998,83.80000000000003,5,Inactive
PubChem_72709612,CN(C)c1ccc(C(=O)CN2c3nc(N4C[C@@H]5C[C@H]4CO5)cc(=O)n3C[C@@]2(C)C(F)(F)F)cn1,PubChem,VQXMDFARYBFRTQ-GXZWQRSESA-N,478.47500000000014,1.7056999999999998,83.80000000000003,5,Inactive
PubChem_72709613,CNc1ccc(C(=O)CN2c3nc(N4C[C@@H]5C[C@H]4CO5)cc(=O)n3C[C@@]2(C)C(F)(F)F)cn1,PubChem,XQWXPGLQMGIDHO-YRVVQQKDSA-N,464.44800000000015,1.6814,92.59000000000002,5,Inactive
PubChem_72709614,C[C@@]1(C(F)(F)F)Cn2c(nc(N3C[C@@H]4C[C@H]3CO4)cc2=O)N1CC(=O)c1ccc(N)nc1,PubChem,IMOXSVJNZRSCTO-JMERFSKESA-N,450.4210000000003,1.2218999999999998,106.58,4,Inactive
PubChem_72709616,Cc1nscc1C(=O)CN1c2nc(N3C[C@@H]4C[C@H]3CO4)cc(=O)n2CC[C@H]1C(F)(F)F,PubChem,LAEJYOSIENULNU-HUBLWGQQSA-N,455.46200000000016,2.00962,80.56,4,Inactive
PubChem_72709619,O=C(CN1c2nc(N3C[C@@H]4C[C@H]3CO4)cc(=O)n2CC[C@H]1C(F)(F)F)N1CCOCC1,PubChem,YQHWFAMROKAWER-IHRRRGAJSA-N,443.4260000000003,0.2206000000000003,80.14,3,Inactive
PubChem_72709697,O=C(CN1c2nc(N3C[C@@H]4C[C@H]3CO4)cc(=O)n2CC[C@H]1C(F)(F)F)c1ccc(NCCO)nc1,PubChem,RSNAKDRUPZUTLH-ZOBUZTSGSA-N,494.4740000000002,1.0438999999999998,112.82,7,Inactive
PubChem_72709701,CON(C)C(=O)CN1c2nc(N3C[C@@H]4C[C@H]3CO4)cc(=O)n2CCC1C(F)(F)F,PubChem,KVQWFEUBQRLLOJ-NDQFZYFBSA-N,417.3880000000001,0.3815999999999997,80.14000000000001,4,Inactive
PubChem_72709702,Cn1cc(CN2c3nc(N4C[C@@H]5C[C@H]4CO5)cc(=O)n3CC[C@H]2C(F)(F)F)c(C(F)(F)F)n1,PubChem,CJSHJMLJGKHAQL-AVGNSLFASA-N,478.3970000000001,2.3143,68.42,3,Inactive
PubChem_72709787,Cc1ncccc1C(=O)CN1c2nc(N3C[C@@H]4C[C@H]3CO4)cc(=O)n2CC[C@H]1C(F)(F)F,PubChem,KGMVTLAVFXOSKU-ZQIUZPCESA-N,449.43300000000016,1.94812,80.56,4,Inactive
PubChem_72709788,Cc1ccncc1C(=O)CN1c2nc(N3C[C@@H]4C[C@H]3CO4)cc(=O)n2CC[C@H]1C(F)(F)F,PubChem,KDJMCWFVMKOTLZ-ZQIUZPCESA-N,449.43300000000016,1.94812,80.56,4,Inactive
PubChem_72709790,O=C(CN1c2nc(N3C[C@@H]4C[C@H]3CO4)cc(=O)n2CC[C@H]1C(F)(F)F)c1ccc(NC2CC2)nc1,PubChem,JCLAUQZLKAKGKA-BQFCYCMXSA-N,490.4860000000002,2.2140000000000004,92.59,6,Inactive
PubChem_72710036,CCOc1ccc(C(=O)CN2c3nc(N4C[C@@H]5C[C@H]4CO5)cc(=O)n3CC[C@H]2C(F)(F)F)cn1,PubChem,YRVVZRLEMUYLJJ-ZOBUZTSGSA-N,479.4590000000002,2.0384,89.79,6,Inactive
PubChem_72710038,Cc1ncoc1C(=O)CN1c2nc(N3C[C@@H]4C[C@H]3CO4)cc(=O)n2CC[C@H]1C(F)(F)F,PubChem,CHZVAEURSFZNKI-OBJOEFQTSA-N,439.3940000000002,1.5411199999999998,93.70000000000002,4,Inactive
PubChem_72710039,O=C(CN1c2nc(N3C[C@@H]4C[C@H]3CO4)cc(=O)n2CC[C@H]1C(F)(F)F)c1ccc(F)c(F)c1,PubChem,MPBVSJSRDBMYDK-DCGLDWPTSA-N,470.39800000000014,2.522900000000001,67.67,4,Inactive
PubChem_72710120,N#Cc1ccc(C(=O)CN2c3nc(N4C[C@@H]5C[C@H]4CO5)cc(=O)n3CCC2C(F)(F)F)cc1,PubChem,JVVRJIPYQPLOMT-MZQXSQAVSA-N,459.4280000000001,2.1163799999999995,91.46,4,Inactive
PubChem_72710121,Cc1ncsc1C(=O)CN1c2nc(N3C[C@@H]4C[C@H]3CO4)cc(=O)n2CC[C@H]1C(F)(F)F,PubChem,ZLFQTHQCWVZCAG-OBJOEFQTSA-N,455.46200000000016,2.00962,80.56,4,Inactive
PubChem_72710122,O=C(CN1c2nc(N3C[C@@H]4C[C@H]3CO4)cc(=O)n2CC[C@H]1C(F)(F)F)c1cncc(Cl)c1,PubChem,ZOCGMFCXIOGQHI-DZKIICNBSA-N,469.8510000000001,2.2931,80.56,4,Inactive
PubChem_72710123,COc1ccc(C(=O)CN2c3nc(N4C[C@@H]5C[C@H]4CO5)cc(=O)n3CC[C@H]2C(F)(F)F)cn1,PubChem,LWNUTANUNLTYKA-DZKIICNBSA-N,465.4320000000001,1.6483,89.79,5,Inactive
PubChem_72710124,Cc1nocc1C(=O)CN1c2nc(N3C[C@@H]4C[C@H]3CO4)cc(=O)n2CC[C@H]1C(F)(F)F,PubChem,ORZCEIHUDQXGRQ-HUBLWGQQSA-N,439.3940000000002,1.5411199999999998,93.70000000000002,4,Inactive
PubChem_72710206,O=C(CN1c2nc(N3C[C@@H]4C[C@H]3CO4)cc(=O)n2CC[C@H]1C(F)(F)F)c1ccc2snnc2c1,PubChem,BOTCUWNTEBQQMA-DCGLDWPTSA-N,492.4830000000002,2.2494000000000005,93.45,4,Inactive
PubChem_72710207,O=C(CN1c2nc(N3C[C@@H]4C[C@H]3CO4)cc(=O)n2CC[C@H]1C(F)(F)F)c1ccc(F)cc1F,PubChem,BDHQCGWNERWCBU-DCGLDWPTSA-N,470.39800000000014,2.522900000000001,67.67,4,Inactive
PubChem_72710210,Cn1nc(CN2c3nc(N4C[C@@H]5C[C@H]4CO5)cc(=O)n3CC[C@H]2C(F)(F)F)c2ccccc21,PubChem,JOBXERVJCZXONM-DEYYWGMASA-N,460.46000000000015,2.4487,68.42,3,Inactive
PubChem_77923763,COc1ccc(CNC2NNC3CC(c4ccc5oc(N)nc5c4)CCC32)cc1,PubChem,WVWZJLMEWXWJSW-UHFFFAOYSA-N,393.4910000000002,2.8946000000000014,97.37,5,Inactive
PubChem_78319901,C[C@@H]1CN(c2cc(-c3[nH]nc4ccc(OC5(C)CC5)cc34)ncn2)C[C@H](C)O1,PubChem,ATUUNJCZCOMUKD-OKILXGFUSA-N,379.46400000000006,3.564800000000002,76.16000000000001,4,Inactive
PubChem_86268193,CS(=O)(=O)C1(c2nc(-c3cccc4[nH]ccc34)nc3c2OC[C@H]2COCCN32)CCOCC1,PubChem,DPGRLMCPNILHCM-OAHLLOKOSA-N,470.5510000000005,2.2728,106.64,3,Inactive
PubChem_86268387,CS(=O)(=O)C1(c2nc(-c3c(F)ccc4[nH]ccc34)nc3c2OCC2COCCN32)CCOCC1,PubChem,DIJSYDFUKMEJRI-UHFFFAOYSA-N,488.5410000000005,2.4119,106.64,3,Inactive
PubChem_86268582,CS(=O)(=O)C1(c2nc(-c3cccc4[nH]ccc34)nc3c2OCC2COCCN32)CCOCC1,PubChem,DPGRLMCPNILHCM-UHFFFAOYSA-N,470.5510000000005,2.2728,106.64,3,Inactive
PubChem_86268584,O=S(=O)(Cc1nc(-c2cccc3[nH]ccc23)nc2c1OCC1COCCN21)C(F)(F)F,PubChem,XCGNXFKEMMMUMN-UHFFFAOYSA-N,454.4300000000003,2.6571000000000007,97.41,3,Inactive
PubChem_86268800,Cc1cc2c(-c3nc4c(c(C5(S(C)(=O)=O)CCOCC5)n3)OCC3COCCN43)cccc2[nH]1,PubChem,INUXMRVGOVVKPL-UHFFFAOYSA-N,484.5780000000003,2.58122,106.64,3,Inactive
PubChem_86269200,CN1CCC(c2nc(-c3cccc4[nH]ccc34)nc3c2OCC2COCCN32)(S(C)(=O)=O)CC1,PubChem,SDAFDIFGJFHMCT-UHFFFAOYSA-N,483.5940000000005,2.188,100.65,3,Inactive
PubChem_86269409,CS(=O)(=O)C1(c2nc(-c3ccc(F)c4[nH]ccc34)nc3c2OC[C@@H]2COCCN32)CC1,PubChem,RVIXVVFPDQOMBH-LBPRGKRZSA-N,444.4880000000004,2.3953000000000007,97.41,3,Inactive
PubChem_86269411,CS(=O)(=O)C1(c2nc(-c3cc(C(F)(F)F)cc4[nH]ccc34)nc3c2OC[C@@H]2COCCN32)CC1,PubChem,KNXYTPDSKBHCSJ-ZDUSSCGKSA-N,494.4950000000004,3.275000000000001,97.41,3,Inactive
PubChem_86269617,CNc1nc2ccc(C#N)cc2n1-c1nc2c(c(C(C)(C)S(C)(=O)=O)n1)OC[C@@H]1COCCN21,PubChem,XWMFBDYXANURJD-AWEZNQCLSA-N,483.5540000000003,1.6061799999999995,135.26,4,Inactive
PubChem_86269619,CNc1nc2cc(F)ccc2n1-c1nc2c(c(C3(S(C)(=O)=O)CCC3)n1)OC[C@@H]1COCCN21,PubChem,NZINDMGSDJCZPB-AWEZNQCLSA-N,488.5450000000004,2.0177,111.47,4,Inactive
PubChem_86269824,CNc1nc2ccc(Cl)cc2n1-c1nc2c(c(C(C)(C)S(C)(=O)=O)n1)OC[C@@H]1COCCN21,PubChem,JUBYNNJYUBABHM-ZDUSSCGKSA-N,492.9890000000003,2.3879,111.47,4,Inactive
PubChem_86269825,CNc1nc2cc(Cl)ccc2n1-c1nc2c(c(C3(S(C)(=O)=O)CC3)n1)OC[C@@H]1COCCN21,PubChem,XNZMRLNWOQVBPY-ZDUSSCGKSA-N,490.9730000000004,2.1419,111.47,4,Inactive
PubChem_86270007,CNc1nc2ccc(F)cc2n1-c1nc2c(c(C(C)(C)S(C)(=O)=O)n1)OC[C@@H]1COCCN21,PubChem,MAKGGNQMSGBLFS-ZDUSSCGKSA-N,476.5340000000003,1.8736,111.47,4,Inactive
PubChem_86270008,CC(C)(c1nc(-c2ccc(F)c3[nH]ccc23)nc2c1OC[C@@H]1COCCN21)S(C)(=O)=O,PubChem,AHVXXMNBSSNGJJ-LBPRGKRZSA-N,446.5040000000003,2.641300000000001,97.41,3,Inactive
PubChem_86270009,CC(C)(c1nc(-c2cc(C(F)(F)F)cc3[nH]ccc23)nc2c1OC[C@@H]1COCCN21)S(C)(=O)=O,PubChem,QYYHJFSIMZHCEP-ZDUSSCGKSA-N,496.5110000000004,3.5210000000000035,97.41,3,Inactive
PubChem_86270010,CS(=O)(=O)C1(c2nc(-c3ccc(F)c4[nH]ccc34)nc3c2OC[C@@H]2COCCN32)CCOCC1,PubChem,INYQGLQSPCDKJJ-AWEZNQCLSA-N,488.5410000000005,2.4119,106.64,3,Inactive
PubChem_86270196,CNc1nc2cc(Cl)ccc2n1-c1nc2c(c(C(C)(C)S(C)(=O)=O)n1)OC[C@@H]1COCCN21,PubChem,KKUPXJPQILWABM-ZDUSSCGKSA-N,492.9890000000003,2.3879,111.47,4,Inactive
PubChem_86270199,CS(=O)(=O)C1(c2nc(-c3ccc(F)c4[nH]ccc34)nc3c2OC[C@@H]2COCCN32)CCC1,PubChem,NPWVCDTWFOTCIF-ZDUSSCGKSA-N,458.5150000000005,2.785400000000001,97.41,3,Inactive
PubChem_87522699,CCC(=NO)/C(C)=C/c1ccc(F)c(C)c1,PubChem,WRHHATMLNUQQTB-MDZUQBIMSA-N,221.275,3.7776200000000015,32.59,3,Inactive
PubChem_89794927,Cc1nc(N2CC[C@@H](O)C2)ncc1-c1cc(C(F)(F)F)cc2[nH]ncc12,PubChem,BNTAEJNPQLMGDJ-LLVKDONJSA-N,363.343,2.91812,77.92999999999999,2,Inactive
PubChem_90448597,CN(C)c1nc2ccccc2n1-c1nc2c(c(C(C)(C)S(C)(=O)=O)n1)OC[C@@H]1COCCN21,PubChem,MUZXEMMEPQGREN-AWEZNQCLSA-N,472.5710000000003,1.7588,102.68,4,Inactive
PubChem_90448598,CS(=O)(=O)c1cccc(-c2nc(-c3cccc4[nH]ccc34)nc3c2OCC2COCCN32)c1,PubChem,ZMMVLCVFQDDSJB-UHFFFAOYSA-N,462.5310000000003,3.293000000000002,97.41,3,Inactive
PubChem_90448625,CNc1nc2ccc(F)cc2n1-c1nc2c(c(C3(S(C)(=O)=O)CCC3)n1)OC[C@@H]1COCCN21,PubChem,YTJNCOQIDKPUKJ-AWEZNQCLSA-N,488.5450000000004,2.0177,111.47,4,Inactive
PubChem_90448627,CC(C)(c1nc(-c2cccc3[nH]ccc23)nc2c1OCC[C@H]1COCCN21)S(C)(=O)=O,PubChem,STWCWUSUDDHMNJ-AWEZNQCLSA-N,442.54100000000034,2.8923000000000005,97.41,3,Inactive
PubChem_90448640,CS(=O)(=O)C1(c2nc(-c3cccc4[nH]ccc34)nc3c2OCC[C@H]2COCCN32)CCOCC1,PubChem,WZPJEEVKCVUDEA-INIZCTEOSA-N,484.5780000000005,2.6629000000000014,106.64,3,Inactive
PubChem_90448641,CS(=O)(=O)C1(c2nc(-c3cccc4[nH]ccc34)nc3c2OCC[C@@H]2COCCN32)CCOCC1,PubChem,WZPJEEVKCVUDEA-MRXNPFEDSA-N,484.5780000000005,2.6629000000000014,106.64,3,Inactive
PubChem_90448707,CNc1nc2ccccc2n1-c1nc2c(c(C(C)(C)S(C)(=O)=O)n1)OCC[C@@H]1COCCN21,PubChem,MPXUUMJYLCHFAB-CQSZACIVSA-N,472.5710000000003,2.1246,111.47,4,Inactive
PubChem_90448711,CNc1nc2ccc(Cl)cc2n1-c1nc2c(c(C3(S(C)(=O)=O)CC3)n1)OC[C@@H]1COCCN21,PubChem,VJBBXKQGKOSGGG-ZDUSSCGKSA-N,490.9730000000004,2.1419,111.47,4,Inactive
PubChem_90448724,CC(C)(c1nc(-c2cccc3[nH]ccc23)nc2c1OCC[C@@H]1COCCN21)S(C)(=O)=O,PubChem,STWCWUSUDDHMNJ-CQSZACIVSA-N,442.54100000000034,2.8923000000000005,97.41,3,Inactive
PubChem_118191391,Cc1c(NC(=O)c2cc(C(N)=O)nc3cc(F)ccc23)c(C(F)(F)F)nn1Cc1ccc(C#N)cc1,PubChem,BKLJDIJJOOQUFG-UHFFFAOYSA-N,496.42400000000015,4.168800000000002,126.69,5,Inactive
PubChem_118194299,O=C(CN1c2nc(N3C[C@@H]4C[C@H]3CO4)cc(=O)n2CC[C@H]1C(F)(F)F)c1ccc2nccn2c1,PubChem,FNILNJRWYOBJGE-ZOBUZTSGSA-N,474.44300000000015,1.8924,84.97,4,Inactive
PubChem_118194361,Cc1c(C(=O)CN2c3nc(N4C[C@@H]5C[C@H]4CO5)cc(=O)n3CC[C@H]2C(F)(F)F)cnc(N)c1C,PubChem,PKPZYXSBIBYALL-ZQIUZPCESA-N,478.4750000000002,1.8387399999999996,106.58,4,Inactive
PubChem_118194396,N#Cc1cccc(C(=O)CN2c3nc(N4C[C@@H]5C[C@H]4CO5)cc(=O)n3CCC2C(F)(F)F)c1,PubChem,WYOMSLPYRBJFLC-MZQXSQAVSA-N,459.42800000000017,2.1163799999999995,91.46,4,Inactive
PubChem_118194399,Cc1ccc(C(=O)CN2c3nc(N4C[C@@H]5C[C@H]4CO5)cc(=O)n3CC2(C)C(F)(F)F)cn1,PubChem,KZQPTROOFWGLSN-HGUAOMBGSA-N,449.43300000000016,1.94812,80.56,4,Inactive
PubChem_118194415,O=C(CN1c2nc(N3C4CCC3COC4)cc(=O)n2CC[C@H]1C(F)(F)F)c1cccnc1,PubChem,HAVYZWKCZUHDGX-DQPZFDDXSA-N,449.4330000000001,2.0298,80.56,4,Inactive
PubChem_118194509,CC(=O)N1CCC(C(=O)CN2c3nc(N4C[C@@H]5C[C@H]4CO5)cc(=O)n3CC[C@H]2C(F)(F)F)CC1,PubChem,DYGBLIOACFUDQP-BQFCYCMXSA-N,483.4910000000002,1.1893999999999996,87.98000000000002,4,Inactive
PubChem_118498683,CN(C)CCCOc1ccc(-c2cc3c(cc2F)ncc2c3n(C3CCOCC3)c(=O)n2C)cn1,PubChem,OYVAXJFYSDAHQN-UHFFFAOYSA-N,479.5560000000003,3.7713000000000023,74.41,7,Inactive
PubChem_118498786,CN(C)CCCOc1ccc(-c2cc3c(cc2F)ncc2c3n([C@H]3CCCOC3)c(=O)n2C)cn1,PubChem,MIWJHOLSRSWLAK-SFHVURJKSA-N,479.5560000000003,3.7713000000000023,74.41,7,Inactive
PubChem_118499524,O=c1[nH]c2cnc3ccc(-c4ccc(OCCCN5CCCCC5)nc4)cc3c2n1C1CCOCC1,PubChem,GUHBDZJCOGIPMF-UHFFFAOYSA-N,487.6040000000005,4.5461000000000045,85.27000000000002,7,Inactive
PubChem_118502804,CN(C)CCCOc1ccc(-c2cc3c(cc2F)ncc2c3n(C3(C)CCOCC3)c(=O)n2C)cn1,PubChem,ALMNQGLNZWNMGU-UHFFFAOYSA-N,493.5830000000004,3.945400000000003,74.41,7,Inactive
PubChem_118502821,COC1CC(n2c(=O)n(C)c3cnc4cc(F)c(-c5ccc(OCCCN(C)C)nc5F)cc4c32)C1,PubChem,GCCDCEIIJOUYDQ-UHFFFAOYSA-N,497.5460000000004,3.908800000000002,74.41,8,Inactive
PubChem_118502892,COC1CC(n2c(=O)n(C)c3cnc4cc(F)c(-c5ccc(OCCCN(C)C)nc5)cc4c32)C1,PubChem,ZOFXOZXMDBPIQF-UHFFFAOYSA-N,479.5560000000004,3.769700000000002,74.41,8,Inactive
PubChem_118502906,CN(C)CCCOc1ccc(-c2cc3c(cc2F)ncc2c3n(C3COC3)c(=O)n2C)cn1,PubChem,YHUHZZWORFKBEO-UHFFFAOYSA-N,451.5020000000002,2.991100000000001,74.41,7,Inactive
PubChem_118523373,CO[C@H]1CC[C@@H](n2c(=O)n(C)c3cnc4cc(F)c(-c5ccc(OCCCN(C)C)nc5)cc4c32)C1,PubChem,UAWYNAAMALKRLO-MOPGFXCFSA-N,493.5830000000004,4.159800000000003,74.41,8,Inactive
PubChem_118523389,Cn1c(=O)n(C2COC2)c2c3cc(-c4ccc(OCCCN5CCCCC5)nc4)ccc3ncc21,PubChem,ZFNJITCOJTUEJF-UHFFFAOYSA-N,473.57700000000034,3.776300000000002,74.41,7,Inactive
PubChem_118523394,CO[C@@H]1CC[C@H](n2c(=O)n(C)c3cnc4cc(F)c(-c5ccc(OCCCN(C)C)nc5)cc4c32)C1,PubChem,UAWYNAAMALKRLO-RBUKOAKNSA-N,493.5830000000004,4.159800000000003,74.41,8,Inactive
PubChem_118523406,Cn1c(=O)n(C2CCC2)c2c3cc(-c4ccc(OCCCN5CCCCC5)nc4)ccc3ncc21,PubChem,XBNPBSGEEQCUDU-UHFFFAOYSA-N,471.6050000000004,4.930000000000005,65.18,7,Inactive
PubChem_118630867,C[C@H](Nc1ncnc2[nH]cnc12)c1cc2ccc(F)cn2c(=O)c1-c1ccccc1,PubChem,QGHVFQKTEHYINV-ZDUSSCGKSA-N,400.41700000000014,3.945000000000002,87.97,4,Inactive
PubChem_118630927,Cc1c(F)ccc2cc([C@H](C)Nc3ncnc(N)c3C#N)c(-c3ccccc3)c(=O)n12,PubChem,AZWYXGHYTWATCV-ZDUSSCGKSA-N,414.4440000000002,3.831,109.1,4,Inactive
PubChem_118720885,C[C@@H]1COCCN1c1nc(-c2cncc3[nH]ccc23)cc2c1ncn2[C@@H](C)S(C)(=O)=O,PubChem,SSPHMGCXSJLCMP-ZIAGYGMSSA-N,440.5290000000002,2.7628000000000013,106.0,4,Inactive
PubChem_122179556,FC(F)(F)c1ccc2c(c1)nc(-c1cccnc1)n2C1CC1,PubChem,RNBRMUYDOIRYOA-UHFFFAOYSA-N,303.2870000000001,4.452000000000003,30.71,2,Inactive
PubChem_122516793,Cc1cnc(N)nc1OCC(C)(C)CO,PubChem,KSDLEEOLOILXMG-UHFFFAOYSA-N,211.265,0.7645199999999996,81.26,4,Inactive
PubChem_124125214,NS(=O)(=O)c1cc(NC(=O)Cc2ccccc2)ccc1Oc1cccc(Cl)c1,PubChem,CSJYMAFXYMYNCK-UHFFFAOYSA-N,416.8860000000001,3.9609000000000014,98.49,6,Inactive
PubChem_125501624,CSc1sc(C(N)=O)c2c1-c1sncc1CC2,PubChem,RUFKAIQMVPWHCQ-UHFFFAOYSA-N,282.4150000000001,2.7910000000000004,55.98,2,Inactive
PubChem_126511854,COCCNC(=O)c1ccc(Oc2sc(C(N)=O)c3c2-c2sncc2CC3)cn1,PubChem,NENJFZKQHYXRDQ-UHFFFAOYSA-N,430.5110000000002,2.632600000000001,116.43,7,Inactive
PubChem_126962578,O=C(CN1c2nc(N3C[C@@H]4C[C@H]3CO4)cc(=O)n2CCC1C(F)(F)F)c1ccncc1,PubChem,YOUIRKYJCHGUSR-ADTLFGHVSA-N,435.4060000000001,1.6397,80.56,4,Inactive
PubChem_126962579,O=C(CN1c2nc(N3C[C@@H]4C[C@H]3CO4)cc(=O)n2CCC1C(F)(F)F)c1cccnc1,PubChem,XGBPPWZZWJJKCD-ADTLFGHVSA-N,435.4060000000001,1.6397000000000002,80.56,4,Inactive
PubChem_126962583,Cc1ncccc1C(=O)CN1c2nc(N3C[C@@H]4C[C@H]3CO4)cc(=O)n2CC1(C)C(F)(F)F,PubChem,AMIRZPHYHVBRIN-JWDIZXQDSA-N,449.43300000000016,1.94812,80.56,4,Inactive
PubChem_126962584,CC1(C(F)(F)F)Cn2c(nc(N3C[C@@H]4C[C@H]3CO4)cc2=O)N1CC(=O)c1cccnc1,PubChem,DPFWHOZKUIBVDQ-QKBJIULESA-N,435.4060000000002,1.6397000000000002,80.56,4,Inactive
PubChem_126962588,CC(C)(C)C(=O)CN1c2nc(N3C[C@@H]4C[C@H]3CO4)cc(=O)n2CC1(C)C(F)(F)F,PubChem,HYRFHXWDHAZBGZ-WOWAASLYSA-N,414.4280000000001,1.977,67.67,3,Inactive
PubChem_126962592,O=C(CN1c2nc(N3C[C@@H]4C[C@H]3CO4)cc(=O)n2CCC1C(F)(F)F)C1CCOCC1,PubChem,SWKOXCQTRAFZTQ-ADTLFGHVSA-N,442.4380000000003,1.3574999999999988,76.9,4,Inactive
PubChem_126962601,O=C(CN1c2nc(N3CC4C[C@H]3CO4)cc(=O)n2CCC1C(F)(F)F)N1CC2CC[C@@H](C1)O2,PubChem,GLEPPTZUMUXYID-QEJKSAOHSA-N,469.4640000000003,0.7516,80.14,3,Inactive
PubChem_126962602,O=C(CN1c2nc(N3CC4C[C@H]3CO4)cc(=O)n2CCC1C(F)(F)F)N1C2CC[C@H]1COC2,PubChem,GGQSBVKROQGRAG-ACWLLUIHSA-N,469.4640000000003,0.7515999999999992,80.14,3,Inactive
PubChem_126962603,O=c1cc(N2C[C@@H]3C[C@H]2CO3)nc2n1CCC(C(F)(F)F)N2Cc1cccc2ncccc12,PubChem,JOPPVLPLCCNEFN-NRAVZPKASA-N,457.4560000000001,3.1102000000000016,63.49000000000001,3,Inactive
PubChem_126962604,O=CN1CCC(C(=O)CN2c3nc(N4C[C@@H]5C[C@H]4CO5)cc(=O)n3CCC2C(F)(F)F)CC1,PubChem,GLEPHKSXFLWQPJ-GIIGEWEBSA-N,469.4640000000003,0.7992999999999999,87.98000000000002,5,Inactive
PubChem_127046693,C[C@@H](c1cccc(C#N)c1)n1cc(Cl)cc(C(N)=O)c1=N,PubChem,CDJPHTNUARAVMH-VIFPVBQESA-N,300.749,2.2008499999999995,95.66,3,Inactive
PubChem_129262490,C[C@H](Nc1ncnc(N)c1C#N)c1cc(=O)n2cc(F)ccc2c1-c1ccccc1,PubChem,JCOVJCADMJXITH-ZDUSSCGKSA-N,400.41700000000014,3.5225800000000014,109.1,4,Inactive
PubChem_129262548,Cc1nc(N)nc(N[C@@H](C)c2c(-c3ccccc3)c(=O)n3cc(F)ccc3c2C)c1C#N,PubChem,KNRUZKZKCQJDGX-HNNXBMFYSA-N,428.4710000000002,4.139420000000003,109.1,4,Inactive
PubChem_131801156,O=C1CCc2cc(Nc3cc(OC4CCOCC4)c([N+](=O)[O-])cc3Cl)ccc2N1,PubChem,RRELDGDKULRRDM-UHFFFAOYSA-N,417.8490000000001,4.434300000000003,102.73,5,Inactive
PubChem_132471102,Nc1nc2cc(C3CCCC4NNC(N)C43)ccc2o1,PubChem,ZMYZLHAVDCTIJI-UHFFFAOYSA-N,273.34000000000003,1.0549000000000002,102.13,1,Inactive
PubChem_132585205,CN1CCN(C(=O)C(C)(C)c2ccc(C(=O)Nc3cn4cc(-c5ccncc5)ccc4n3)cc2)CC1,PubChem,IEFFSHLHNYVSEF-UHFFFAOYSA-N,482.5880000000002,3.7002000000000015,82.84,5,Inactive
PubChem_134325555,COc1cc2ncc3c(c2cc1-c1cnn(C)c1)n(-c1cnn(C)c1)c(=O)n3C,PubChem,JYFXUEHOTHYRGL-UHFFFAOYSA-N,389.41900000000015,2.0199999999999987,84.69,3,Inactive
PubChem_135436424,Cn1ncc2c(=O)[nH]c(N3CCOCC3)nc21,PubChem,MMPIKHRHDYOMDB-UHFFFAOYSA-N,235.24699999999996,-0.5067999999999999,76.04,1,Inactive
PubChem_135750206,Nc1nc(=O)c2nc(-c3cccc(O)c3)c(-c3cccc(O)c3)nc2[nH]1,PubChem,JLQDCVBDNYDXEU-UHFFFAOYSA-N,347.33400000000006,2.0405,138.01000000000002,2,Inactive
PubChem_137635074,N#Cc1ccc(Nc2ccc3[nH]c(=O)[nH]c3c2)c(Cl)c1,PubChem,BZXKWTWZOMZUEU-UHFFFAOYSA-N,284.706,3.12488,84.47,2,Inactive
PubChem_137646369,Cc1nc2nc(Oc3ccccc3)cnc2cc1NC(=O)Nc1ccccc1,PubChem,FOWANKCBUCYIQP-UHFFFAOYSA-N,371.4000000000001,4.769520000000002,89.03,4,Inactive
PubChem_137655214,Cc1nc2nc(Sc3ccccc3)cnc2cc1NC(=O)c1ccccc1,PubChem,QHPKQAZTCXROEG-UHFFFAOYSA-N,372.4530000000001,4.736720000000003,67.77000000000001,4,Inactive
PubChem_138105961,CN1C[C@H](Nc2nc3cc[nH]c3c(=O)n2C)C[C@H](c2ccc3c(c2)OCCO3)C1,PubChem,PUFPGLSWMMJNSE-LSDHHAIUSA-N,395.46300000000025,1.9325999999999992,84.41000000000001,3,Inactive
PubChem_138490673,CC(C)n1c(=O)n(C)c2nnc3cc(F)c(-c4ccc(OCCCN(C)C)nc4)cc3c21,PubChem,HVWMSPQYCHJIEG-UHFFFAOYSA-N,438.5070000000003,3.3957000000000024,78.07,7,Inactive
PubChem_139030333,Nc1c(C(=O)NCc2ccc(C(=O)NCCCC3CCCCC3)cc2)cnn1-c1ccccc1,PubChem,HXNUFFCHRIWTRZ-UHFFFAOYSA-N,459.5940000000002,4.474800000000004,102.04,9,Inactive
PubChem_145925651,Cc1cnc(-c2cc(Cl)ccc2F)cc1-n1c(=O)n(CC(N)=O)c2cnccc21,PubChem,LVEUPFUJRKZPEN-UHFFFAOYSA-N,411.8240000000002,2.83542,95.8,4,Inactive
PubChem_145925680,C[C@@H](NC(=O)Nc1cc2[nH]ncc2c(CO)n1)c1ccccc1,PubChem,RAXZSEGXMBWYQK-SNVBAGLBSA-N,311.345,2.3329000000000004,102.93,4,Inactive
PubChem_146177389,COc1ccc(-c2cc(N3CCOCC3)cc(S(=O)(=O)c3ccccc3)c2)cn1,PubChem,UPEADQJVIQSWTP-UHFFFAOYSA-N,410.495,3.4266000000000023,68.73,5,Inactive
PubChem_146177395,CN(C)c1ncc(-c2cc(N3CCOCC3)cc(S(=O)(=O)c3ccccc3)c2)cn1,PubChem,NYUAAJMMSRUYNQ-UHFFFAOYSA-N,424.526,2.8790000000000013,75.63,5,Inactive
PubChem_146177397,COc1nc(N)ccc1-c1cc(N2CCOCC2)cc(S(=O)(=O)Cc2ccc(F)cc2)c1,PubChem,WZMVFQRIYHIECU-UHFFFAOYSA-N,457.5270000000001,3.2890000000000024,94.75,6,Inactive
PubChem_146177456,COc1ccc(-c2cc(N3CCOCC3)cc(S(=O)(=O)Cc3ccc(F)cc3)c2)cc1N,PubChem,ILTVOUQQXGCQGW-UHFFFAOYSA-N,456.5390000000001,3.894000000000002,81.86,6,Inactive
PubChem_146177506,CC(C)(C)OC(=O)N1CCN(c2cc(-c3cnc(N)nc3)cc(S(=O)(=O)c3ccccc3)c2)CC1,PubChem,TYPIBMQSGMPJJC-UHFFFAOYSA-N,495.60500000000025,3.615700000000002,118.72,4,Inactive
PubChem_146177507,Nc1ncc(-c2cc(N3CCCCC3)cc(S(=O)(=O)c3ccccc3)c2)cn1,PubChem,DUUHATBCMITMAR-UHFFFAOYSA-N,394.50000000000006,3.5489000000000024,89.17999999999999,4,Inactive
PubChem_146177522,COc1cncc(-c2cc(N3CCOCC3)cc(S(=O)(=O)Cc3ccc(F)cc3)c2)c1,PubChem,QVCIRWYMHHEMFD-UHFFFAOYSA-N,442.51200000000006,3.706800000000003,68.73,6,Inactive
PubChem_146177532,Nc1ccc(-c2cc(N3CCOCC3)cc(S(=O)(=O)Cc3ccc(F)cc3F)c2)nc1,PubChem,SLUQVGZMZFYNHI-UHFFFAOYSA-N,445.4910000000001,3.419500000000003,85.52,5,Inactive
PubChem_146444135,CC(C)n1c(=O)n(C)c2nnc3cc(F)c(-c4ccc(COCCN5CCCCC5)nc4)cc3c21,PubChem,ZEOACOGRBZQJJQ-UHFFFAOYSA-N,478.57200000000046,4.067700000000003,78.07,7,Inactive
PubChem_146444139,CC(C)n1c(=O)n(C)c2nnc3cc(F)c(-c4ccc(COCCN5CC[C@@H](F)C5)nc4)cc3c21,PubChem,XQILLFFLOKQCIG-QGZVFWFLSA-N,482.5350000000004,3.625600000000003,78.07,7,Inactive
PubChem_146444140,CC(C)n1c(=O)n(C)c2nnc3cc(F)c(-c4ccc(OCCCN5CCCC5)nc4)cc3c21,PubChem,UNCGOLKXUDKPKS-UHFFFAOYSA-N,464.5450000000004,3.9299000000000026,78.07,7,Inactive
PubChem_146530418,CC(C)n1c(=O)n(C)c2nnc3cc(F)c(-c4ccc(COCCN5CCCC5)nc4)cc3c21,PubChem,CCPABWZMHLKHOU-UHFFFAOYSA-N,464.5450000000004,3.677600000000002,78.07,7,Inactive
PubChem_146530571,CC(C)n1c(=O)n(C)c2nnc3cc(F)c(-c4ccc(OCCCN5CC[C@H](F)C5)nc4)cc3c21,PubChem,BTKVAQIEQCVAIF-KRWDZBQOSA-N,482.5350000000004,3.877900000000003,78.07,7,Inactive
PubChem_146530575,CC(C)n1c(=O)n(C)c2nnc3cc(F)c(-c4ccc(N5CCC(CN(C)C)C5)nc4)cc3c21,PubChem,AMVIOMPGDDKABN-UHFFFAOYSA-N,463.5610000000003,3.453100000000002,72.08000000000001,5,Inactive
PubChem_146530583,CC(C)n1c(=O)n(C)c2nnc3cc(F)c(-c4ccc(OCCCN5CC6CC6C5)nc4)cc3c21,PubChem,SSPRJXNUFWSIDY-UHFFFAOYSA-N,476.5560000000004,3.7858000000000023,78.07,7,Inactive
PubChem_146530786,CC(C)n1c(=O)n(C)c2nnc3cc(F)c(-c4ccc(COCCN5CC6CC6C5)nc4)cc3c21,PubChem,LRLFYYXKMQFEMF-UHFFFAOYSA-N,476.5560000000004,3.5335000000000027,78.07,7,Inactive
PubChem_146530796,CC(C)n1c(=O)n(C)c2nnc3cc(F)c(-c4ccc(COCCN5CCC(F)CC5)nc4)cc3c21,PubChem,ODTOPIDGJZLIEA-UHFFFAOYSA-N,496.5620000000004,4.015700000000003,78.07,7,Inactive
PubChem_149832401,CC(C)n1c(=O)n(C)c2nnc3cc(F)c(-c4ccc(OCCCN5CC[C@@H](F)C5)nc4)cc3c21,PubChem,BTKVAQIEQCVAIF-QGZVFWFLSA-N,482.5350000000004,3.877900000000003,78.07,7,Inactive
PubChem_150279454,CC(C)n1c(=O)n(C)c2nnc3cc(F)c(-c4ccc(N5CCC(N(C)C)CC5)nc4)cc3c21,PubChem,GFGRHEYDSLFDPV-UHFFFAOYSA-N,463.5610000000003,3.595600000000003,72.08000000000001,4,Inactive
PubChem_154025206,COc1cc(OCc2ccnc(Nc3cnn(C)c3)n2)cc2sc(N[C@H]3CCCC[C@@H]3O)nc12,PubChem,MUHWRSWKWURVPP-ROUUACIJSA-N,481.5820000000003,3.8664000000000023,119.24,8,Inactive
PubChem_154584272,COc1cc2ncc3c(c2cc1C1CNNC1)n(-c1ccncc1C)c(=O)n3C,PubChem,WKTWKWUVDLFSBM-UHFFFAOYSA-N,390.4470000000001,1.780819999999999,86.0,3,Inactive
PubChem_155543618,CC1=C(C#N)[C@@H](c2ccc3[nH]nc(C)c3c2)C(C#N)=C(c2ccc(Cl)cc2)N1,PubChem,BGQYHBPBRKOJMZ-OAQYLSRUSA-N,385.85800000000006,4.943980000000003,88.28999999999999,2,Inactive
PubChem_155550034,CC(=O)N1CCC(c2ccc(C(=O)NC3=NCCN3)cc2C(F)(F)F)CC1,PubChem,UPJRPOWMFLBSKZ-UHFFFAOYSA-N,382.3860000000001,2.1202999999999994,73.8,2,Inactive
PubChem_155554839,Cc1nccc(COC(=O)N2C[C@@H]3C(CNC(=O)c4ccc5[nH]nnc5c4)[C@@H]3C2)n1,PubChem,ZDITZGRCUFFQRS-MQVJKMGUSA-N,407.4340000000001,1.30072,125.99,5,Inactive
PubChem_155557179,C[C@H](NC(=O)Nc1cc2[nH]ncc2c(CO)n1)c1ccccn1,PubChem,XACXTPQNHGFQOD-VIFPVBQESA-N,312.333,1.7278999999999998,115.82,4,Inactive
PubChem_155558331,C[C@@H]1CN(c2cc(-c3nn(C)c4ccc(OC5(C)CC5)cc34)ncn2)C[C@H](C)O1,PubChem,YGCZGTCXWBPTDC-GASCZTMLSA-N,393.4910000000001,3.5752000000000024,65.30000000000001,4,Inactive
PubChem_155558842,O=C1NC(c2ccccn2)Sc2ccccc21,PubChem,VNQMNFPFGNMBPO-UHFFFAOYSA-N,242.303,2.615900000000001,41.99,1,Inactive
PubChem_155562151,CC(C)n1nc(-c2ccc3oc(N)nc3c2)c2c(=O)[nH]cnc21,PubChem,WXUZDBRGJSWGID-UHFFFAOYSA-N,310.317,2.0908999999999995,115.62,2,Inactive
PubChem_156009444,CC1=C(C#N)C(c2ccc3c(c2)c(NC(=O)c2ccccc2C)nn3C)C(C#N)=C(C)N1,PubChem,YJJMPAOJOSVSDB-UHFFFAOYSA-N,422.4920000000001,4.415980000000003,106.53,3,Inactive
PubChem_156009445,Cc1noc([C@H]2C[C@@H](c3ccc(C(F)(F)F)cc3)CN(C(=O)N3CCS(=O)(=O)C3)C2)n1,PubChem,BCJOKAFRZRDMFV-CABCVRRESA-N,458.4620000000003,2.777820000000002,96.61,2,Inactive
PubChem_156403586,Cc1cn2cc(-c3cc(N4CCOCC4)cc(S(=O)(=O)Cc4ccccc4)c3)cnc2n1,PubChem,ADLPRZLKGJDZJU-UHFFFAOYSA-N,448.5480000000001,3.515220000000003,76.80000000000001,5,Inactive
PubChem_158809507,Nc1cc(-c2nc(N)ns2)cc(S(=O)(=O)c2ccccc2)c1,PubChem,VGXXWIIGXVMSTG-UHFFFAOYSA-N,332.41,2.2023,111.95999999999998,3,Inactive
PubChem_162651677,C[C@H](Nc1ncnc(N)c1C#N)c1cc(=O)n2cc(F)ccc2c1-c1cc(F)cc(F)c1,PubChem,BKPMJFPNKMBLEL-NSHDSACASA-N,436.39700000000016,3.8007800000000014,109.1,4,Inactive
PubChem_162652871,COc1cc(-c2cn(C3CCc4ccccc4N(CC(F)(F)F)C3=O)nn2)ccc1-n1ccc(C)n1,PubChem,LMWVEVSLAFDIRE-UHFFFAOYSA-N,496.4930000000001,4.530620000000003,78.07000000000001,5,Inactive
PubChem_162662928,O=C(Nc1cccnn1)N1CC(C/C=C/c2cncc(Oc3ccc(C(F)(F)F)cn3)n2)C1,PubChem,WBFGOFIEIRLCBO-DAFODLJHSA-N,457.4160000000001,4.039900000000003,106.02,6,Inactive
PubChem_162670697,C[C@H](Nc1ncnc(N)c1C#N)c1cc(=O)n2cc(F)ccc2c1-c1cccc(F)c1,PubChem,QZBSYEROCKEAIL-LBPRGKRZSA-N,418.40700000000015,3.6616800000000014,109.1,4,Inactive
PubChem_162760083,[2H]C([2H])([2H])C1(C([2H])([2H])[2H])Cn2nc(-c3ccc(F)cn3)c(-c3ccnc4[nH]ncc34)c2CO1,PubChem,WZMIWVZGYMKUDV-WFGJKAKNSA-N,370.4206106680001,3.331300000000001,81.51,4,Inactive
PubChem_167511956,CNC(=O)c1cnc(Nc2ccccc2C)c(NC(=O)c2cccc3cnccc23)c1,PubChem,AZYFHPSTJJGBNZ-UHFFFAOYSA-N,411.46500000000015,4.293720000000003,96.01,5,Inactive
PubChem_167511962,CNC(=O)c1cnc(Nc2ccccc2C)c(NC(=O)C(N)C2CCCCC2)c1,PubChem,CJTSPVPHOBPPIT-UHFFFAOYSA-N,395.5070000000003,3.3393200000000016,109.14,6,Inactive
PubChem_167511965,CNC(=O)c1cnc(N)c(NC(=O)c2cc(F)cc(C(F)(F)F)c2)c1,PubChem,FYRDWHTZJVOBCX-UHFFFAOYSA-N,356.279,2.4336,97.11,3,Inactive
PubChem_167511970,Cc1ccccc1Nc1ncc(-c2cnn(C)c2)cc1Nc1ncnn2cccc12,PubChem,SHMSQASTWZVKEQ-UHFFFAOYSA-N,396.4580000000001,4.320420000000002,84.96,5,Inactive
PubChem_167511971,CNC(=O)c1cnc(Nc2ccccc2C)c(NC(=O)c2cn(C)c3ncccc23)c1,PubChem,CQQJYAKDBSDVKR-UHFFFAOYSA-N,414.46900000000016,3.632220000000002,100.94,5,Inactive
PubChem_167511976,CNC(=O)c1cnc(N2CCc3ccccc32)c(NC(=O)c2cc(F)cc(C(F)(F)F)c2)c1,PubChem,ADAJAVXSMUVAED-UHFFFAOYSA-N,458.4150000000001,4.545600000000003,74.33000000000001,4,Inactive
PubChem_167511979,CNC(=O)c1cnc(NC2CCCC2)c(NC(=O)c2cc(F)cc(C(F)(F)F)c2)c1,PubChem,PNCDMPVEBQXKGS-UHFFFAOYSA-N,424.398,4.205900000000002,83.12,5,Inactive
PubChem_167511982,CNC(=O)c1cnc(Nc2ccccc2C)c(NC(=O)c2cccc(C#N)c2Cl)c1,PubChem,FWLADFIAMXSOQN-UHFFFAOYSA-N,419.8720000000002,4.270600000000003,106.91,5,Inactive
PubChem_167511987,CNC(=O)c1cnc(Nc2ccccc2C)c(NC(=O)c2cccc(F)c2)c1,PubChem,GRFPSPRVEUUOSW-UHFFFAOYSA-N,378.4070000000001,3.8846200000000017,83.12,5,Inactive
PubChem_167511988,CNC(=O)c1cnc(Nc2ccccc2C)c(NC(=O)Cc2csc3ccccc23)c1,PubChem,MLYSBBDXQQECPI-UHFFFAOYSA-N,430.5330000000002,4.889120000000003,83.12,6,Inactive
PubChem_167511994,Cc1ccccc1Nc1ncc(-c2cnn(C)c2)cc1NC(=O)c1ccc2[nH]ncc2c1,PubChem,RXZZFYZZLGOZQT-UHFFFAOYSA-N,423.4800000000001,4.662720000000002,100.52,5,Inactive
PubChem_167512003,CNC(=O)c1cnc(Nc2ccccc2C)c(NC(=O)Cc2c[nH]c3cc(F)c(F)cc23)c1,PubChem,WGZPVQDDNOEKMU-UHFFFAOYSA-N,449.4610000000002,4.433920000000002,98.91,6,Inactive
PubChem_167512007,CNC(=O)c1cnc(Nc2ccccc2C)c(NC(=O)c2cc3ccccc3o2)c1,PubChem,YFKXKNZQUJNKIU-UHFFFAOYSA-N,400.43800000000016,4.491720000000003,96.26,5,Inactive
PubChem_167512015,CNC(=O)c1cnc(Nc2ccccc2C)c(NC(=O)c2ccc3c(c2)CCN3C)c1,PubChem,PPMXUMCOIHHFCX-UHFFFAOYSA-N,415.4970000000002,3.737820000000002,86.36,5,Inactive
PubChem_167512024,CNC(=O)c1cnc(Nc2ccccc2C)c(NC(=O)c2c[nH]c3cccc(Cl)c23)c1,PubChem,LFYFAOSBRNHFOT-UHFFFAOYSA-N,433.89900000000017,4.880220000000003,98.91,5,Inactive
PubChem_167512025,CNC(=O)c1cnc(Nc2ccccc2C)c(NCC2CC2)c1,PubChem,DOORWWGQVQCSBA-UHFFFAOYSA-N,310.4010000000001,3.315120000000001,66.05,6,Inactive
PubChem_167512028,CNC(=O)c1cnc(Nc2ccccc2C)c(NC(=O)c2cn(C)nc2C(F)F)c1,PubChem,HLGMYHUIADZKKJ-UHFFFAOYSA-N,414.4160000000001,3.4166200000000018,100.94,6,Inactive
PubChem_167512031,CNC(=O)c1cnc(Nc2ccccc2C)c(NC(=O)Cc2cccnc2)c1,PubChem,ANXUJEPLRHKXML-UHFFFAOYSA-N,375.4320000000001,3.069420000000001,96.01,6,Inactive
PubChem_167512037,CNC(=O)c1cnc(Nc2ccccc2C)c(NC(=O)C2CCOc3ccccc32)c1,PubChem,KTZKEVFGQYOHNO-UHFFFAOYSA-N,416.4810000000002,3.998020000000003,92.35,5,Inactive
PubChem_167512042,CNC(=O)c1cnc(Nc2ccccc2C)c(NC(=O)c2cc(C)n(C(F)F)n2)c1,PubChem,UYWOSURSEHKUHC-UHFFFAOYSA-N,414.4160000000001,3.645540000000002,100.94,6,Inactive
PubChem_167512049,CCN(C(=O)C1=CSC2C=CC=CC12)c1nnc2cc(Nc3ccccc3C)c(N)cn12,PubChem,ZTEGCYIJCDMWEI-UHFFFAOYSA-N,444.5640000000002,4.457920000000002,88.55,5,Inactive
PubChem_167512052,CNC(=O)c1cnc(Nc2ccccc2C)c(NC(=O)CC(C)Oc2ccccc2)c1,PubChem,QXDZCJMESJJVSB-UHFFFAOYSA-N,418.4970000000002,4.289320000000004,92.35,8,Inactive
PubChem_167512054,CNC(=O)c1cnc(Nc2ccccc2C)c(NC(=O)c2cc3cc(F)ccc3[nH]2)c1,PubChem,MQHNFWZZBFHDCZ-UHFFFAOYSA-N,417.4440000000001,4.365920000000002,98.91,5,Inactive
PubChem_167512060,CNC(=O)c1cnc(Nc2ccccc2C)c(NC(=O)c2cnc3ccc(F)cn23)c1,PubChem,AMYJZNNUDXUNNU-UHFFFAOYSA-N,418.4320000000001,3.532320000000002,100.42,5,Inactive
PubChem_167512080,CNC(=O)c1cnc(Nc2ccccc2C)c(NC(=O)Cc2ccccc2S(C)(=O)=O)c1,PubChem,LTGUBLCLHYHSGU-UHFFFAOYSA-N,452.5360000000002,3.077920000000001,117.26,7,Inactive
PubChem_167512097,CNC(=O)c1cnc(Nc2ccccc2C)c(NC(=O)c2cnccc2C(F)(F)F)c1,PubChem,LDDQPOPBWIIYQG-UHFFFAOYSA-N,429.4020000000001,4.159320000000002,96.01,5,Inactive
PubChem_167512101,CNC(=O)c1cnc(Nc2ccccc2C)c(NC(=O)C2(c3ccc(C)cc3)CC2)c1,PubChem,JROHLQMDNPUVNW-UHFFFAOYSA-N,414.5090000000002,4.471940000000004,83.12,6,Inactive
PubChem_167512104,CNC(=O)c1cnc(Nc2ccccc2C)c(NC(=O)c2cc(Cl)cc3cccnc23)c1,PubChem,KHBXJKMSWGUARR-UHFFFAOYSA-N,445.91000000000014,4.947120000000004,96.01,5,Inactive
PubChem_167512106,CCOc1c(F)c(F)cc(C(=O)Nc2cc(C(=O)NC)cnc2Nc2ccccc2C)c1F,PubChem,HQESWJNEILVQLK-UHFFFAOYSA-N,458.4400000000001,4.561520000000003,92.35,7,Inactive
PubChem_167512107,CNC(=O)c1cnc(N2CCNCc3ccccc32)c(NC(=O)c2cc(F)cc(C(F)(F)F)c2)c1,PubChem,BVYHDOSAZWAEEE-UHFFFAOYSA-N,487.45700000000016,4.092700000000002,86.36000000000001,4,Inactive
PubChem_167512109,CNC(=O)c1cnc(Nc2ccccc2C)c(NS(=O)(=O)c2cn(C)nc2C)c1,PubChem,LOYDQKWFJJJATK-UHFFFAOYSA-N,414.49100000000016,2.33594,118.01,6,Inactive
PubChem_167512118,CNC(=O)c1cnc(Nc2ccccc2)c(NC(=O)c2cc(F)cc(C(F)(F)F)c2)c1,PubChem,MTFNUTGUHZRDJD-UHFFFAOYSA-N,432.3770000000001,4.595000000000002,83.12,5,Inactive
PubChem_167512128,CNC(=O)c1cnc(Nc2ccccc2C)c(NC(=O)c2nc(SC)ncc2Cl)c1,PubChem,VWJRGPDNPLQVDF-UHFFFAOYSA-N,442.9320000000001,3.910820000000002,108.9,6,Inactive
PubChem_167512133,CNC(=O)c1cnc(Nc2cccnc2C)c(NC(=O)c2cc(F)cc(C(F)(F)F)c2)c1,PubChem,AMKIYTZNGBROLB-UHFFFAOYSA-N,447.3920000000001,4.298420000000003,96.01,5,Inactive
PubChem_167512140,CNC(=O)c1cnc(Nc2ccccc2C)c(NC(=O)c2ccc(OC(F)(F)F)c(F)c2)c1,PubChem,MWBSZGLSCKBEKN-UHFFFAOYSA-N,462.4030000000001,4.783220000000003,92.35,6,Inactive
PubChem_167512145,CNC(=O)c1cnc(N2CCNc3ccccc32)c(NC(=O)c2csc3ccccc23)c1,PubChem,RFNDWWNLXVEBSG-UHFFFAOYSA-N,443.53200000000015,4.471800000000002,86.36000000000001,4,Inactive
PubChem_167512148,CNC(=O)c1cnc(Nc2ccccc2C)c(NC(=O)Cc2ccccc2Cl)c1,PubChem,HUEWJEZZTUSQHK-UHFFFAOYSA-N,408.8890000000001,4.327820000000003,83.12,6,Inactive
PubChem_167512150,CNC(=O)c1cnc(NCc2cncn2C)c(NC(=O)c2cc(F)cc(C(F)(F)F)c2)c1,PubChem,OYJDICPIGKDDJI-UHFFFAOYSA-N,450.3960000000001,3.197000000000002,100.94,6,Inactive
PubChem_167512164,CC(=O)Nc1ccc(C(=O)Nc2cc(-c3cnn(C)c3)cnc2Nc2ccccc2C)cc1,PubChem,WUFNMLFWTXTQPY-UHFFFAOYSA-N,440.5070000000001,4.744820000000003,100.94,6,Inactive
PubChem_167512165,Nc1c2c(nn1C(=O)c1cc(F)cc(C(F)(F)F)c1)CCCC2,PubChem,HUSLFALPRYBQFR-UHFFFAOYSA-N,327.2810000000002,3.190500000000001,60.91,1,Inactive
PubChem_167512180,CNC(=O)c1cnc(-n2c(=O)ccc3ccccc32)c(NC(=O)c2cc(F)cc(C(F)(F)F)c2)c1,PubChem,SZADQTBFMGAOSD-UHFFFAOYSA-N,484.40900000000016,4.155500000000003,93.09,4,Inactive
PubChem_167512188,CNC(=O)c1cnc(Nc2ccccc2C)c(NC(=O)Cc2cccc(Cl)c2)c1,PubChem,OQJUEBVZMCATOQ-UHFFFAOYSA-N,408.8890000000001,4.327820000000003,83.12,6,Inactive
PubChem_167512190,CNC(=O)c1cnc(Nc2cc(F)ccc2Cl)c(NC(=O)N2CCc3ccccc32)c1,PubChem,GBZUQFJFSIYHIH-UHFFFAOYSA-N,439.8780000000002,4.571900000000003,86.36,4,Inactive
PubChem_167512196,CNC(=O)c1cnc(Nc2ccccc2C)c(NC(=O)c2cc(F)c3[nH]ncc3c2)c1,PubChem,MXEYMDKKZGYFNE-UHFFFAOYSA-N,418.4320000000001,3.760920000000002,111.8,5,Inactive
PubChem_167512215,CNC(=O)c1cnc(NC2CCCCC2)c(NC(=O)c2cc(F)cc(C(F)(F)F)c2)c1,PubChem,KFNDBSXPYFLLEJ-UHFFFAOYSA-N,438.425,4.596000000000003,83.12,5,Inactive
PubChem_167512220,CNC(=O)c1cnc(Nc2ccccc2C)c(NC(=O)c2cc(F)cc3[nH]ccc23)c1,PubChem,SMXXENBXDQTVTP-UHFFFAOYSA-N,417.4440000000001,4.365920000000002,98.91,5,Inactive
PubChem_167512221,CNC(=O)c1cnc(Nc2ccc(C)nc2)c(NC(=O)c2cc(F)cc(C(F)(F)F)c2)c1,PubChem,YOOWIYIHRKDBOL-UHFFFAOYSA-N,447.3920000000001,4.298420000000003,96.01,5,Inactive
PubChem_167512234,CNC(=O)c1cnc(Nc2ccccc2C)c(NC(=O)c2ccc3c(n2)CCCN3)c1,PubChem,CEYKGQPHKBOZAP-UHFFFAOYSA-N,416.4850000000002,3.4986200000000016,108.04,5,Inactive
PubChem_167512241,CNC(=O)c1cnc(Nc2ccccc2C)c(NC(=O)c2cc3cc(F)ccc3o2)c1,PubChem,GHQYZXGLXSVXSI-UHFFFAOYSA-N,418.42800000000017,4.630820000000003,96.26,5,Inactive
PubChem_167512243,O=C(Nc1ccnn1-c1ccccc1)c1cc(F)cc(C(F)(F)F)c1,PubChem,SRZXRXFUSKUHFE-UHFFFAOYSA-N,349.28700000000003,4.2825000000000015,46.92,3,Inactive
PubChem_167512255,CNC(=O)c1cnc(Nc2ccccc2C)c(NC(=O)c2ccc(F)c(C)c2Cl)c1,PubChem,OUAXOPCBXNETCU-UHFFFAOYSA-N,426.8790000000001,4.846440000000003,83.12,5,Inactive
PubChem_167512265,CNC(=O)c1cnc(Nc2cccc(F)c2)c(N)c1,PubChem,ZJSYYQNUWWRTQY-UHFFFAOYSA-N,260.272,1.9061,80.04,3,Inactive
PubChem_167512269,CNC(=O)c1cnc(Nc2ccccc2)c(N)c1,PubChem,ZEDUQEMQAABILN-UHFFFAOYSA-N,242.282,1.767,80.04,3,Inactive
PubChem_167512270,Cc1ccccc1Nc1ncc(-c2cnn(C)c2)cc1NC(=O)c1cccc(C#N)c1,PubChem,ZOFFJQIQNXUAKN-UHFFFAOYSA-N,408.46500000000015,4.658100000000003,95.63,5,Inactive
PubChem_167512279,CNC(=O)c1cnc(Nc2ccccc2C)c(NC(=O)c2[nH]nc3ccccc23)c1,PubChem,TWQFDWZROQJRSD-UHFFFAOYSA-N,400.4420000000001,3.621820000000002,111.8,5,Inactive
PubChem_167512292,CNC(=O)c1cnc(Nc2ccccc2C)c(Nc2nnc3c(C(F)(F)F)cccn23)c1,PubChem,OTWUEPNPMDYEFR-UHFFFAOYSA-N,441.4170000000001,4.298320000000002,96.24,5,Inactive
PubChem_167512296,CNC(=O)c1cnc(Nc2ccccc2C)c(NC(=O)c2cc(F)cc3cccnc23)c1,PubChem,ACFZMQSESOTVDD-UHFFFAOYSA-N,429.45500000000015,4.432820000000002,96.01,5,Inactive
PubChem_167512302,Cc1ccccc1Nc1ncc(-c2cnn(C)c2)cc1NS(=O)(=O)c1ccccc1,PubChem,VUIWLDHUDGGWPW-UHFFFAOYSA-N,419.5100000000001,4.334920000000002,88.91,6,Inactive
PubChem_167512309,CNC(=O)c1cnc(Nc2ccccc2C)c(NC(=O)c2ccnc3ccccc23)c1,PubChem,GJLKIXSXUVFDFC-UHFFFAOYSA-N,411.46500000000015,4.293720000000003,96.01,5,Inactive
PubChem_167512310,CNC(=O)c1cnc(Nc2ccccc2C)c(NC(=O)c2ccc(Cl)c(C)c2F)c1,PubChem,KTRXOBFHQVIKTE-UHFFFAOYSA-N,426.8790000000001,4.846440000000003,83.12,5,Inactive
PubChem_167512311,CNC(=O)c1cnc(Nc2ccccc2C)c(NC(=O)c2cc(F)c3cc[nH]c3c2)c1,PubChem,QGWWBUZTMFMEIH-UHFFFAOYSA-N,417.4440000000001,4.365920000000002,98.91,5,Inactive
PubChem_167512315,CNC(=O)c1cnc(Nc2ccccc2C)c(NC(=O)c2c[nH]c3ccccc23)c1,PubChem,JLVPYBYNFBSLGS-UHFFFAOYSA-N,399.4540000000001,4.226820000000003,98.91,5,Inactive
PubChem_167512323,CNC(=O)c1cnc(Nc2ccccc2C)c(NC(=O)CCc2c[nH]c3ccc(F)cc23)c1,PubChem,QRHIDIADFKSSAZ-UHFFFAOYSA-N,445.4980000000002,4.684920000000003,98.91,7,Inactive
PubChem_167512324,CNC(=O)c1cnc(Nc2ccccc2C)c(NC(=O)C2(c3ccc(F)c(F)c3)CC2)c1,PubChem,YGMDEOCQLLXYRN-UHFFFAOYSA-N,436.4620000000002,4.441720000000003,83.12,6,Inactive
PubChem_167512330,CNC(=O)c1cnc(Nc2ccccc2C)c(NC(=O)c2cccc(C(F)(F)F)n2)c1,PubChem,KTFFAKRBJFCPSA-UHFFFAOYSA-N,429.4020000000001,4.159320000000002,96.01,5,Inactive
PubChem_167512333,CNc1ncc(-c2cnn(C)c2)cc1NC(=O)c1cc(F)cc(C(F)(F)F)c1,PubChem,ZFMMEXHCFIYCPP-UHFFFAOYSA-N,393.344,3.934000000000002,71.84,4,Inactive
PubChem_167512346,CNC(=O)c1cnc(Nc2ccccc2C)c(NC(=O)c2ccc3ncccc3c2)c1,PubChem,YRQFTRFYVBHTIT-UHFFFAOYSA-N,411.46500000000015,4.293720000000003,96.01,5,Inactive
PubChem_167512357,CNC(=O)c1cnc(Nc2ccccc2C)c(NC(=O)c2c[nH]c3ccc(Cl)cc23)c1,PubChem,PNQONUOUNLFEIG-UHFFFAOYSA-N,433.89900000000017,4.880220000000003,98.91,5,Inactive
PubChem_167512364,CNC(=O)c1cnc(Nc2ccccc2C)c(NC(=O)Cc2ccc(F)cc2C(F)(F)F)c1,PubChem,OWFGRNLSWYXDMX-UHFFFAOYSA-N,460.43100000000015,4.832320000000004,83.12,6,Inactive
PubChem_167512366,CNC(=O)c1cnc(Nc2ccccc2C)c(NC(=O)c2ccccc2)c1,PubChem,JFRDNOXZKPPBLD-UHFFFAOYSA-N,360.4170000000001,3.745520000000002,83.12,5,Inactive
PubChem_167512368,CNC(=O)c1cnc(Nc2ccccc2C)c(NC(=O)c2csc3cc(OC)ccc23)c1,PubChem,MFPDSVMDZWGKAW-UHFFFAOYSA-N,446.5320000000002,4.968820000000003,92.35,6,Inactive
PubChem_167512369,Cc1ccccc1Nc1ncc(-c2cnn(C)c2)cc1NC(=O)c1ccc(C#N)cc1,PubChem,NEQCEOJFYZQQDF-UHFFFAOYSA-N,408.46500000000015,4.658100000000003,95.63,5,Inactive
PubChem_167512375,CNC(=O)c1cnc(Nc2cccc(F)c2)c(NC(=O)c2cc(F)cc(C(F)(F)F)c2)c1,PubChem,JOUHRYZQLILTSU-UHFFFAOYSA-N,450.3670000000001,4.734100000000002,83.12,5,Inactive
PubChem_167512386,CNC(=O)c1cnc(Nc2ccccc2C)c(NC(=O)c2csc(C(F)(F)F)n2)c1,PubChem,ZLCCAWRGKLYHRS-UHFFFAOYSA-N,435.4310000000001,4.220820000000002,96.01,5,Inactive
PubChem_167512398,CCc1c(Cl)c(C(=O)Nc2cc(C(=O)NC)cnc2Nc2ccccc2C)nn1C,PubChem,BEAYYQLYMHUQLZ-UHFFFAOYSA-N,426.9080000000001,3.6948200000000018,100.94,6,Inactive
PubChem_167512403,CNC(=O)c1cnc(Nc2ccccc2C)c(NC(=O)Cc2cc(C)cc(F)c2)c1,PubChem,CTFCWMUKSPTUGY-UHFFFAOYSA-N,406.4610000000002,4.121940000000003,83.12,6,Inactive
PubChem_167512411,CNC(=O)c1cnc(Nc2ccccc2C)c(NC(=O)c2cc3c(Br)cccc3[nH]2)c1,PubChem,MAFWCQHGDLQWHS-UHFFFAOYSA-N,478.35000000000014,4.989320000000003,98.91,5,Inactive
PubChem_167512420,CNC(=O)c1cnc(Nc2ccccc2C#N)c(NC(=O)c2cc(F)cc(C(F)(F)F)c2)c1,PubChem,KWNHVYQCVXXCEK-UHFFFAOYSA-N,457.3870000000001,4.466680000000002,106.91,5,Inactive
PubChem_167512424,COc1ccc(C(=O)Nc2cc(-c3cnn(C)c3)cnc2Nc2ccccc2C)cc1,PubChem,HBHRYGDZVLDNPM-UHFFFAOYSA-N,413.4810000000001,4.795020000000004,81.07,6,Inactive
PubChem_167512437,CNC(=O)c1cnc(Nc2ccccc2C)c(NC(=O)c2cnc3ccccn23)c1,PubChem,SCCGWXUYYPHRQQ-UHFFFAOYSA-N,400.4420000000001,3.393220000000002,100.42,5,Inactive
PubChem_167512449,CNC(=O)c1cnc(Nc2ccccc2C)c(NC(=O)c2cc3c(Cl)ccnc3[nH]2)c1,PubChem,FRCYLPUOLYKARI-UHFFFAOYSA-N,434.88700000000017,4.275220000000002,111.8,5,Inactive
PubChem_167512462,CNC(=O)c1cnc(Nc2ccc(OC)cc2)c(NC(=O)c2cc(F)cc(C(F)(F)F)c2)c1,PubChem,DTGYKBBVUQAPDB-UHFFFAOYSA-N,462.4030000000001,4.603600000000003,92.35,6,Inactive
PubChem_167512463,CNC(=O)c1cnc(Nc2ccccc2C)c(NC(=O)c2ccc(C(F)F)cn2)c1,PubChem,YPTKYSKKFNFXSH-UHFFFAOYSA-N,411.4120000000001,4.078120000000002,96.01,6,Inactive
PubChem_167512465,CNC(=O)c1cnc(Nc2ccccc2C)c(NC(=O)CCc2ccccc2F)c1,PubChem,IPTJIAZTCXYAMK-UHFFFAOYSA-N,406.4610000000002,4.203620000000004,83.12,7,Inactive
PubChem_167512473,CNC(=O)c1cnc(Nc2ccccc2C)c(NC(=O)c2ccc(F)c(F)c2OC)c1,PubChem,UPNXNYRQDXQMKW-UHFFFAOYSA-N,426.4230000000002,4.032320000000002,92.35,6,Inactive
PubChem_167512483,CNC(=O)c1cnc(Nc2ccccc2C)c(NC(=O)c2cc3c(C)cccc3[nH]2)c1,PubChem,BIETZJMXARMXGD-UHFFFAOYSA-N,413.48100000000017,4.535240000000003,98.91,5,Inactive
PubChem_167512484,CNC(=O)c1cnc(NC(CO)CCO)c(NC(=O)c2cc(F)cc(C(F)(F)F)c2)c1,PubChem,IGXSRHMKVKADKZ-UHFFFAOYSA-N,444.3850000000001,2.006599999999999,123.58,8,Inactive
PubChem_167512491,CNC(=O)c1cnc(Nc2ccccc2C)c(NC(=O)c2cnc3cc(F)ccn23)c1,PubChem,BCPBAFIRTILJGP-UHFFFAOYSA-N,418.4320000000001,3.532320000000002,100.42,5,Inactive
PubChem_167512495,CNC(=O)c1cnc(Nc2nccs2)c(NC(=O)c2cc(F)cc(C(F)(F)F)c2)c1,PubChem,DZJMHPAKKQOKAF-UHFFFAOYSA-N,439.3940000000001,4.051500000000002,96.01,5,Inactive
PubChem_167512497,CNC(=O)c1cnc(Nc2ccccc2C)c(NC(=O)c2cnc3ccccc3c2)c1,PubChem,ZPXWXKWIEJYWEF-UHFFFAOYSA-N,411.46500000000015,4.293720000000003,96.01,5,Inactive
PubChem_167512503,CNC(=O)c1cnc(NCc2nccn2C)c(NC(=O)c2cc(F)cc(C(F)(F)F)c2)c1,PubChem,NZQTVCCJQTUVCY-UHFFFAOYSA-N,450.3960000000001,3.197000000000001,100.94,6,Inactive
PubChem_167512507,CNC(=O)c1cnc(Nc2ccccc2C)c(NC(=O)c2cc(C)nn2C(F)F)c1,PubChem,OTQJFZVDTOSIFP-UHFFFAOYSA-N,414.4160000000001,3.645540000000002,100.94,6,Inactive
PubChem_167512509,CNC(=O)c1cnc(N2CC3CCCN3CC2C)c(NC(=O)c2cc(F)cc(C(F)(F)F)c2)c1,PubChem,AWYLMTZIYFRULC-UHFFFAOYSA-N,479.47800000000007,3.524300000000001,77.57000000000001,4,Inactive
PubChem_167512510,CNC(=O)c1cnc(Nc2ccccc2C)c(NC(=O)c2cc(C(F)(F)F)ccn2)c1,PubChem,NQWBVNFGXSGTLL-UHFFFAOYSA-N,429.4020000000001,4.159320000000002,96.01,5,Inactive
PubChem_167512511,CNC(=O)c1cnc(Nc2ccccc2C)c(NC(=O)C(C)Cc2ccc(F)cc2)c1,PubChem,CVFHOQKXAUWYDF-UHFFFAOYSA-N,420.48800000000017,4.449620000000004,83.12,7,Inactive
PubChem_167512513,CNC(=O)c1cnc(Nc2ccccc2C)c(NC(=O)c2nn(C(C)C)c3ccccc23)c1,PubChem,AOCXTULGHWGJQM-UHFFFAOYSA-N,442.5230000000002,4.676120000000004,100.94,6,Inactive
PubChem_167512514,CNC(=O)c1cnc(Nc2ccccc2C)c(NC(=O)c2c[nH]nc2-c2ccc(F)cc2)c1,PubChem,OQFUWEMJEATBGV-UHFFFAOYSA-N,444.47000000000014,4.274720000000002,111.8,6,Inactive
PubChem_167512525,CNC(=O)c1cnc(Nc2ccccc2C)c(NC(=O)c2nn(C)c(C3CC3)c2F)c1,PubChem,HENQWDXEMCZACL-UHFFFAOYSA-N,422.4640000000002,3.4955200000000017,100.94,6,Inactive
PubChem_167512529,CNC(=O)c1cnc(Nc2ccccc2C)c(NC(=O)c2cncc(C(F)(F)F)c2)c1,PubChem,RDGSKBDXYCNXNB-UHFFFAOYSA-N,429.4020000000001,4.159320000000002,96.01,5,Inactive
PubChem_167512538,CNc1ncc(Br)cc1NC(=O)c1cc(F)cc(C(F)(F)F)c1,PubChem,PTVGYPRHZCAMPK-UHFFFAOYSA-N,392.15,4.296000000000001,54.02,3,Inactive
PubChem_167512541,CNC(=O)c1cnc(Nc2ccccc2C)c(NC(=O)c2cc(=O)[nH]c3ccccc23)c1,PubChem,SEYAGAHVJXIMMZ-UHFFFAOYSA-N,427.46400000000017,3.5870200000000017,115.98,5,Inactive
PubChem_167512557,CNC(=O)c1cnc(Nc2ccc(C)cc2)c(NC(=O)c2csc3ccccc23)c1,PubChem,DTCZUYQBGPIDAZ-UHFFFAOYSA-N,416.50600000000014,4.960220000000003,83.12,5,Inactive
PubChem_167512566,Cc1ccccc1Nc1ncc(-c2cnn(C)c2)cc1NC(=O)c1cccc2nn(C)cc12,PubChem,ZNNHVDQTWCXAKX-UHFFFAOYSA-N,437.5070000000002,4.673120000000003,89.66,5,Inactive
PubChem_167512568,CNC(=O)c1cnc(Nc2ccccc2C)c(Nc2cc(F)c3c[nH]nc3c2)c1,PubChem,LPONELKGHOOCQJ-UHFFFAOYSA-N,390.4220000000001,4.252220000000002,94.73,5,Inactive
PubChem_167512571,CNC(=O)c1cnc(Nc2ccnc(C)c2)c(NC(=O)c2cc(F)cc(C(F)(F)F)c2)c1,PubChem,LXBQKEPLGVMIQB-UHFFFAOYSA-N,447.3920000000001,4.298420000000003,96.01,5,Inactive
PubChem_167512575,CNC(=O)c1cnc(Nc2ccccc2C)c(NC(=O)c2nccnc2C(F)(F)F)c1,PubChem,DOTSYZAYCJZVQN-UHFFFAOYSA-N,430.3900000000001,3.554320000000001,108.9,5,Inactive
PubChem_167512578,CNC(=O)c1cnc(Nc2ccccc2C)c(NC(=O)c2ccc3c(c2)COC3)c1,PubChem,YGYKJQMYCQZLBH-UHFFFAOYSA-N,402.4540000000002,3.7757200000000015,92.35,5,Inactive
PubChem_167512586,CNC(=O)c1cnc(NCCOC)c(NC(=O)c2cc(F)cc(C(F)(F)F)c2)c1,PubChem,AYYPSUPLGNAOAF-UHFFFAOYSA-N,414.359,2.9097,92.35,7,Inactive
PubChem_167512598,CNC(=O)c1cnc(Nc2ccccc2C)c(NC(=O)c2ccc(C(F)(F)F)n2C)c1,PubChem,RVWKYIRGQNJFLA-UHFFFAOYSA-N,431.4180000000001,4.102820000000002,88.05000000000001,5,Inactive
PubChem_167512601,CNC(=O)c1cnc(Nc2ccccc2C)c(NC(=O)c2ncn3ccccc23)c1,PubChem,VMEIAEGVEVNBIC-UHFFFAOYSA-N,400.4420000000001,3.393220000000001,100.42,5,Inactive
PubChem_167512602,CNC(=O)c1cnc(Nc2ccccc2C)c(NC(=O)C2CCSc3ccccc32)c1,PubChem,GFCGKSNPMBFABQ-UHFFFAOYSA-N,432.5490000000002,4.711320000000003,83.12,5,Inactive
PubChem_167512604,CNC(=O)c1cnc(Nc2ccccc2C)c(NC(=O)c2nn(C)c3ccccc23)c1,PubChem,FQFTVIDLGWFACH-UHFFFAOYSA-N,414.46900000000016,3.632220000000002,100.94,5,Inactive
PubChem_169672699,Cc1ccccc1Nc1ncc(-c2cnn(C)c2)cc1NC(=O)c1cccn2nccc12,PubChem,YPPFNNUACBBTEB-UHFFFAOYSA-N,423.4800000000001,4.434120000000002,89.14,5,Inactive
PubChem_169672707,CNC(=O)c1cnc(Nc2ccccc2C)c(NC(=O)c2nn(C)c3c2CCC3)c1,PubChem,KHKMLVLPVHEINT-UHFFFAOYSA-N,404.4740000000003,2.9677200000000017,100.94,5,Inactive
PubChem_170648185,CC(C)n1c(=O)n(C)c2nnc3ccc(-c4ccc([C@@H](C)OCCN5CC[C@@H](C)C5)nc4)cc3c21,PubChem,COOQMGFXUWUFCB-RTBURBONSA-N,474.6090000000004,4.345500000000004,78.07,7,Inactive
PubChem_170648262,CC(C)n1c(=O)n(C)c2nnc3ccc(-c4ccc(COCCN5CCC(C)(C)CC5)nc4)cc3c21,PubChem,YSJLDEVHQDDIMS-UHFFFAOYSA-N,488.6360000000005,4.564700000000004,78.07,7,Inactive
PubChem_170648313,CC(C)n1c(=O)n(C)c2nnc3ccc(-c4ccc([C@@H](C)OCCN5CCCC5)nc4)cc3c21,PubChem,MUESEEZFNSPKSA-GOSISDBHSA-N,460.5820000000004,4.099500000000004,78.07,7,Inactive
PubChem_172055782,C[C@@H](OCCN1CCC2(CC2)C1)c1ccc2nnc3c(c2c1)n(C1CCOCC1)c(=O)n3C,PubChem,VDLCZWDWKCLEGK-QGZVFWFLSA-N,451.5710000000003,3.1982000000000017,74.41,6,Inactive
PubChem_175682194,CC(C)n1c2c(n(C)c1=O)N=NC1CC(F)C(C3C=NC(OCCCN4CCCCC4)=CC3)=CC21,PubChem,CIMCJLFHKYOVEH-UHFFFAOYSA-N,484.62000000000046,4.810100000000005,76.47999999999999,7,Inactive
PubChem_175682195,CC(C)n1c2c(n(C)c1=O)N=NC1C=C(F)C(c3ccc(COCCN(C)C)nc3)=CC21,PubChem,HGPFUQLQCZVALZ-UHFFFAOYSA-N,440.52300000000025,3.7410000000000014,77.00999999999999,7,Inactive
PubChem_175682196,CC(C)n1c2c(n(C)c1=O)N=NC1C=C(F)C(c3ccc(C(=O)NCCN(C)C)nc3)=CC21,PubChem,CAMWYPBAVJIVFM-UHFFFAOYSA-N,453.5220000000002,2.954200000000001,96.88,6,Inactive
PubChem_176509955,CNC(=O)c1cnc(Nc2ccccc2C)c(NC(=O)c2cc3c(F)cc(F)cc3[nH]2)c1,PubChem,HTSOAJZBPZBMCP-UHFFFAOYSA-N,435.43400000000014,4.505020000000002,98.91,5,Inactive
PubChem_176509957,CNC(=O)c1cnc(Nc2ccccc2C)c(NC(=O)c2cc(Cl)ccc2OC)c1,PubChem,OOSMLSOQRHKCNL-UHFFFAOYSA-N,424.88800000000015,4.4075200000000025,92.35,6,Inactive
PubChem_176509967,CNC(=O)c1cnc(Nc2ccccc2C)c(NCc2ccccc2)c1,PubChem,IWIVWRSHYLGTOW-UHFFFAOYSA-N,346.4340000000001,4.1053200000000025,66.05,6,Inactive
PubChem_176509968,CNC(=O)c1cnc(Nc2ccccc2)c([N+](=O)[O-])c1,PubChem,DQFKXHODUGVZIR-UHFFFAOYSA-N,272.264,2.093,97.16,4,Inactive
PubChem_176509969,CNC(=O)c1cnc(Nc2cccc(F)c2)c([N+](=O)[O-])c1,PubChem,WMQRYGZXQKFBHJ-UHFFFAOYSA-N,290.254,2.2321,97.16,4,Inactive
PubChem_176509972,CNC(=O)c1cnc(Nc2ccccc2C)c(NC(=O)c2cccc3ccccc23)c1,PubChem,ZTSLAHDEBSRQIL-UHFFFAOYSA-N,410.47700000000015,4.898720000000004,83.12,5,Inactive
PubChem_176509982,Cc1ccccc1Nc1ncc(-c2cnn(C)c2)cc1NC(=O)N1CCOc2ccccc21,PubChem,PLBJNKCWXUMIIW-UHFFFAOYSA-N,440.5070000000002,4.965020000000004,84.31,4,Inactive
PubChem_176509983,COc1cc(F)cc(C(=O)Nc2cc(-c3cnn(C)c3)cnc2Nc2ccccc2C)c1,PubChem,DAMHRBDDKUXBQR-UHFFFAOYSA-N,431.4710000000002,4.934120000000004,81.07,6,Inactive
PubChem_176509984,Cc1ccccc1Nc1ncc(-c2cnn(C)c2)cc1NC(=O)c1ccnc2c1ccn2C,PubChem,NORYYOYPORKZIC-UHFFFAOYSA-N,437.5070000000002,4.673120000000003,89.66,5,Inactive
PubChem_176509985,Cc1ccccc1Nc1ncc(-c2cnn(C)c2)cc1NC(=O)c1cccc2c1cnn2C,PubChem,QHTDUKKZLNMMJC-UHFFFAOYSA-N,437.5070000000002,4.673120000000003,89.66,5,Inactive
PubChem_176509987,Cc1ccccc1Nc1ncc(-c2cnn(C)c2)cc1NC(=O)c1cccc(S(C)(=O)=O)c1,PubChem,SLORADFNWDKJCZ-UHFFFAOYSA-N,461.5470000000002,4.189920000000002,105.98,6,Inactive
PubChem_176509989,Cc1ccccc1Nc1ncc(-c2cnn(C)c2)cc1NC(=O)c1cccc(N(C)C)c1,PubChem,YFWYWEIBRUJMDC-UHFFFAOYSA-N,426.52400000000017,4.852420000000003,75.08,6,Inactive
PubChem_176509990,Cc1ccccc1Nc1ncc(-c2cnn(C)c2)cc1NC(=O)c1cccc2cn(C)nc12,PubChem,NCLXMBPYWBMFFP-UHFFFAOYSA-N,437.5070000000002,4.673120000000003,89.66000000000001,5,Inactive
PubChem_176509992,Cc1ccccc1Nc1ncc(-c2cnn(C)c2)cc1NC(=O)c1ccc(S(C)(=O)=O)cc1,PubChem,RTHSMZIRUVMTDU-UHFFFAOYSA-N,461.5470000000002,4.1899200000000025,105.98,6,Inactive
PubChem_176509993,COc1cccc(C(=O)Nc2cc(-c3cnn(C)c3)cnc2Nc2ccccc2C)c1,PubChem,AFZPBQJNXGMRHD-UHFFFAOYSA-N,413.4810000000001,4.795020000000004,81.07,6,Inactive
PubChem_176509996,Cc1ccccc1Nc1ncc(-c2cnn(C)c2)cc1NC(=O)c1ccccc1S(C)(=O)=O,PubChem,AAQFPWZLHGJRCK-UHFFFAOYSA-N,461.5470000000002,4.189920000000002,105.98,6,Inactive
PubChem_176509997,Cc1ccccc1Nc1ncc(-c2cnn(C)c2)cc1NC(=O)c1ccc(S(N)(=O)=O)cc1,PubChem,JJGYGOMANLTUPO-UHFFFAOYSA-N,462.5350000000002,3.4338200000000008,132.0,6,Inactive
PubChem_176509998,Cc1ccccc1Nc1ncc(-c2cnn(C)c2)cc1NC(=O)c1ccccc1O,PubChem,JXIQUGAURREJTJ-UHFFFAOYSA-N,399.4540000000001,4.492020000000003,92.07,5,Inactive
PubChem_176510002,COCCNc1ncccc1NC(=O)c1csc2ccccc12,PubChem,WWSMYMFCVFZLRS-UHFFFAOYSA-N,327.40900000000005,3.606900000000001,63.25,6,Inactive
PubChem_176510012,O=C(Nc1cccnc1NC1CCNCC1)c1csc2ccccc12,PubChem,LSXQKNBGXTXIGV-UHFFFAOYSA-N,352.463,3.712500000000002,66.05,4,Inactive
PubChem_176510015,CNC(=O)c1cnc(Nc2ccccc2C)c(NC(=O)Cc2cc(F)cc(F)c2)c1,PubChem,GNDVWQQQOGILPQ-UHFFFAOYSA-N,410.42400000000015,3.952620000000002,83.12,6,Inactive
PubChem_176510016,CCC(C(=O)Nc1cc(C(=O)NC)cnc1Nc1ccccc1C)c1ccccc1,PubChem,VTYNXOOKGMDQTP-UHFFFAOYSA-N,402.4980000000001,4.625520000000003,83.12,7,Inactive
PubChem_176510017,CNC(=O)c1cnc(Nc2ccccc2C)c(NC(=O)C2CCN(C(C)=O)CC2)c1,PubChem,VOTLDJCBFDYUEM-UHFFFAOYSA-N,409.4900000000003,2.690220000000001,103.43,5,Inactive
PubChem_176510018,CNC(=O)c1cnc(Nc2ccccc2C)c(NC(=O)Cc2c(F)ccc(F)c2F)c1,PubChem,QXUIFTPGEPHWMH-UHFFFAOYSA-N,428.41400000000016,4.091720000000002,83.12,6,Inactive
PubChem_176510019,CNC(=O)c1cnc(Nc2ccccc2C)c(NC(=O)C2C[C@H]2c2ccccc2)c1,PubChem,RMNIJAIUGNPIKD-OYKVQYDMSA-N,400.48200000000014,4.235420000000003,83.12,6,Inactive
PubChem_176510020,CNC(=O)c1cnc(Nc2ccccc2C)c(NC(=O)C(c2ccccc2)C(C)C)c1,PubChem,FJUNPLODDYADIB-UHFFFAOYSA-N,416.52500000000015,4.871520000000004,83.12,7,Inactive
PubChem_176510021,CNC(=O)c1cnc(Nc2ccccc2C)c(NC(=O)Cc2cn(C)c3ccccc23)c1,PubChem,PUBBSCHTHPJIJU-UHFFFAOYSA-N,427.5080000000002,4.166120000000003,88.05000000000001,6,Inactive
PubChem_176510022,CNC(=O)c1cnc(Nc2ccccc2C)c(N(C)C(=O)C2CCc3ccccc3C2)c1,PubChem,LSNRAXJBMATMRB-UHFFFAOYSA-N,428.5360000000002,4.261120000000004,74.33000000000001,5,Inactive
PubChem_176510023,CNC(=O)c1cnc(Nc2ccccc2C)c(NC(=O)C(OC)c2ccccc2)c1,PubChem,IBRVMFIODBQIJV-UHFFFAOYSA-N,404.47000000000014,3.8194200000000023,92.35,7,Inactive
PubChem_176510024,CNC(=O)c1cnc(Nc2ccccc2C)c(NC(=O)CC2CCc3ccccc32)c1,PubChem,NONZOZMRXIQOKR-UHFFFAOYSA-N,414.5090000000002,4.551820000000004,83.12,6,Inactive
PubChem_176510029,CNC(=O)c1cnc(Nc2ccccc2C)c(NC(=O)c2ccc3ccccc3c2)c1,PubChem,ISUYNISLVWCBKI-UHFFFAOYSA-N,410.47700000000015,4.898720000000004,83.12,5,Inactive
PubChem_176510030,CNC(=O)c1cnc(Nc2ccccc2C)c(NC(=O)c2cc3ccccc3cn2)c1,PubChem,LDPDFMFSXKOEFS-UHFFFAOYSA-N,411.46500000000015,4.293720000000003,96.01,5,Inactive
PubChem_176510039,CNC(=O)N1CC[C@H](Nc2ccccc2C)C(C(=O)Nc2cc(F)cc(C(F)(F)F)c2)C1,PubChem,FQPCGYUGQYVXSJ-NNBQYGFHSA-N,452.4520000000001,4.233420000000002,73.47,4,Inactive
PubChem_176510045,CNC(=O)c1cnc(Nc2ccccc2CN)c(NC(=O)c2csc3ccccc23)c1,PubChem,UQUPTCVHRIXHFA-UHFFFAOYSA-N,431.5210000000001,4.110500000000003,109.14,6,Inactive
PubChem_176510051,Cc1ccccc1N[C@H]1CCN(C(=O)C2(O)CC2)CC1C(=O)Nc1cc(F)cc(C(F)(F)F)c1,PubChem,UBBMOXWKDCZEEJ-IJHRGXPZSA-N,479.4740000000001,3.945520000000003,81.67000000000002,5,Inactive
PubChem_176510056,CNC(=O)c1cnc(Nc2ccccc2C)c(NC(=O)c2nccc3ccccc23)c1,PubChem,ROFZIKSNILSTRA-UHFFFAOYSA-N,411.46500000000015,4.293720000000003,96.01,5,Inactive
PubChem_176510059,CNC(=O)c1cnc(Nc2ccccc2C)c(NC(=O)c2cccc3ccncc23)c1,PubChem,LBKLEILKBSABTQ-UHFFFAOYSA-N,411.46500000000015,4.293720000000003,96.01,5,Inactive
PubChem_176510062,CNC(=O)c1cnc(Nc2ccccc2C)c(NC(=O)c2csc(C)n2)c1,PubChem,NZWQTKRWGDMBMM-UHFFFAOYSA-N,381.4610000000001,3.510440000000002,96.01,5,Inactive
PubChem_176510063,CNC(=O)c1cnc(Nc2ccccc2C)c(NC(=O)c2csc(N)n2)c1,PubChem,ZWDMLZXWBIJGSJ-UHFFFAOYSA-N,382.4490000000001,2.7842200000000004,122.03,5,Inactive
PubChem_176510076,CNC(=O)c1cnc(Nc2ccccc2C)c(NC(=O)c2csc3ncccc23)c1,PubChem,ZHCFXFWHGQRLQU-UHFFFAOYSA-N,417.49400000000014,4.355220000000002,96.01,5,Inactive
PubChem_176510077,CCn1cccc(C(=O)Nc2cc(C(=O)NC)cnc2Nc2ccccc2C)c1=O,PubChem,NKLXDFBUHFNMKK-UHFFFAOYSA-N,405.45800000000014,2.9271200000000013,105.12,6,Inactive
PubChem_176510079,CCOc1ccccc1Nc1ncc(C(=O)NC)cc1NC(=O)c1cc(F)cc(C(F)(F)F)c1,PubChem,HBMFGMBGDYQJJU-UHFFFAOYSA-N,476.4300000000001,4.993700000000003,92.35,7,Inactive
PubChem_176510080,CNC(=O)c1cnc(Nc2cn(C)nc2C)c(NC(=O)c2cc(F)cc(C(F)(F)F)c2)c1,PubChem,SODJFUQYHVMALL-UHFFFAOYSA-N,450.3960000000001,3.6369200000000017,100.94,5,Inactive
PubChem_176510082,CNC(=O)c1cnc(Nc2ncco2)c(NC(=O)c2cc(F)cc(C(F)(F)F)c2)c1,PubChem,VVTGMYMTLSDHQS-UHFFFAOYSA-N,423.3260000000001,3.583000000000001,109.15,5,Inactive
PubChem_176510088,Cc1ccccc1Nc1cc(=O)n(CC(=O)O)cc1NC(=O)c1csc2ccccc12,PubChem,UCAVMPGCYFHNPW-UHFFFAOYSA-N,433.48900000000015,4.451920000000002,100.43,6,Inactive
PubChem_176510092,O=C(Nc1cccc(=O)n1Cc1ccccc1)c1csc2ccccc12,PubChem,WEYSLHBYFXPYSE-UHFFFAOYSA-N,360.4380000000001,4.363600000000003,51.1,4,Inactive
PubChem_176510097,CNC(=O)c1cnc(Nc2ccccc2C)c(NC(=O)C2(c3ccccn3)CC2)c1,PubChem,MGXAIQPNXGEGGM-UHFFFAOYSA-N,401.4700000000002,3.558520000000001,96.01,6,Inactive
PubChem_176510098,CNC(=O)c1cnc(Nc2ccccc2C)c(NC(=O)C2(c3cccnc3)CC2)c1,PubChem,MCWRBPPPZQOTDS-UHFFFAOYSA-N,401.4700000000002,3.558520000000001,96.01,6,Inactive
PubChem_176510104,CNC(=O)c1cnc(Nc2ccccc2C)c(NC(=O)C2(c3ccccc3)CC2(F)F)c1,PubChem,LDDUKCXPLSGKRZ-UHFFFAOYSA-N,436.46200000000016,4.408720000000003,83.12,6,Inactive
PubChem_176510111,Cc1ccccc1Nc1ncc(C(=O)NC2CS(=O)(=O)C2)cc1NC(=O)c1cc2ccccc2o1,PubChem,OMGMHALCNDOSIR-UHFFFAOYSA-N,490.5410000000003,3.658920000000002,130.39999999999998,6,Inactive
PubChem_176510113,CNC(=O)c1cnc(Nc2ccccc2C)c(NC(=O)c2ccnc(C(F)(F)F)c2)c1,PubChem,ZUTMGTITWSGRSU-UHFFFAOYSA-N,429.4020000000001,4.159320000000002,96.01,5,Inactive
PubChem_176510114,CNC(=O)c1cnc(Nc2ccccc2C)c(NC(=O)c2nc3ccccc3n(C)c2=O)c1,PubChem,PQOLPJHQTBLOQI-UHFFFAOYSA-N,442.4790000000002,2.992420000000002,118.01,5,Inactive
PubChem_176510115,CNC(=O)c1cnc(Nc2ccccc2C)c(NC(=O)c2c[nH]c3cccc(OC)c23)c1,PubChem,KGCXDAZXBSZIDR-UHFFFAOYSA-N,429.4800000000002,4.235420000000003,108.14,6,Inactive
PubChem_176510116,CNC(=O)c1cnc(Nc2ccccc2C)c(NC(=O)c2cccnc2C(F)(F)F)c1,PubChem,MFTJWIQHCHIRGK-UHFFFAOYSA-N,429.4020000000001,4.159320000000002,96.01,5,Inactive
PubChem_176510117,CNC(=O)c1cnc(Nc2ccccc2C)c(NC(=O)c2cn3ccccc3n2)c1,PubChem,DYPUHTNQPPAUIX-UHFFFAOYSA-N,400.4420000000001,3.393220000000001,100.42,5,Inactive
PubChem_176510118,CCn1nc(C(=O)Nc2cc(C(=O)NC)cnc2Nc2ccccc2C)c2ccccc21,PubChem,JIZLIEOIAPTQOA-UHFFFAOYSA-N,428.49600000000015,4.115120000000003,100.94,6,Inactive
PubChem_176510119,CNC(=O)c1cnc(Nc2ccccc2C)c(NC(=O)c2cn3c(Cl)cccc3n2)c1,PubChem,ZYWMKAFXVBNDMS-UHFFFAOYSA-N,434.88700000000017,4.046620000000002,100.42,5,Inactive
PubChem_176510120,CNC(=O)c1cnc(Nc2ccccc2C)c(NC(=O)c2cccc(C#N)n2)c1,PubChem,CBSABAFJHPUMAH-UHFFFAOYSA-N,386.4150000000001,3.012200000000001,119.8,5,Inactive
PubChem_176510121,CNC(=O)c1cnc(Nc2ccccc2C)c(NC(=O)c2cn3c(C(F)(F)F)cccc3n2)c1,PubChem,GOEVENXCCXNLDO-UHFFFAOYSA-N,468.43900000000014,4.412020000000003,100.42,5,Inactive
PubChem_176510122,CNC(=O)c1cnc(Nc2ccccc2C)c(NC(=O)CC2COc3ccccc3O2)c1,PubChem,YWCVGKWUWAKBAC-UHFFFAOYSA-N,432.48000000000025,3.6618200000000014,101.58,6,Inactive
PubChem_176510123,CNC(=O)c1cnc(Nc2ccccc2C)c(NC(=O)c2ccc(Cl)c(C#N)c2)c1,PubChem,FQHPRZCLFMGQIQ-UHFFFAOYSA-N,419.8720000000001,4.270600000000003,106.91,5,Inactive
PubChem_176510124,CNC(=O)c1cnc(Nc2ccccc2C)c(NC(=O)c2[nH]nc3c(F)cccc23)c1,PubChem,KCUXCFAVDHTDQD-UHFFFAOYSA-N,418.4320000000001,3.760920000000002,111.8,5,Inactive
PubChem_176510125,CNC(=O)c1cnc(Nc2ccccc2C)c(NC(=O)CCc2cnccc2C(F)(F)F)c1,PubChem,ATTMNEZKCAAYSZ-UHFFFAOYSA-N,457.4560000000002,4.478320000000003,96.01,7,Inactive
PubChem_176510126,CNC(=O)c1cnc(Nc2ccccc2C)c(NC(=O)c2cnn(C)c2C(F)(F)F)c1,PubChem,PMAXGVVGANKLAI-UHFFFAOYSA-N,432.4060000000001,3.4978200000000017,100.94,5,Inactive
PubChem_176510127,CNC(=O)c1cnc(Nc2ccccc2C)c(NC(=O)C2CCNc3ccccc32)c1,PubChem,GXFFUTPYCXEXDX-UHFFFAOYSA-N,415.4970000000002,4.031120000000002,95.15,5,Inactive
PubChem_176510128,CNC(=O)c1cnc(Nc2ccccc2C)c(NC(=O)CC2OCCc3ccccc32)c1,PubChem,DQDIMTDTWROPAM-UHFFFAOYSA-N,430.50800000000027,4.135820000000003,92.35,6,Inactive
PubChem_176510132,CNC(=O)c1cnc(Nc2cccnc2OC)c(NC(=O)c2csc3ccccc23)c1,PubChem,FZJGVEFGGKDZNN-UHFFFAOYSA-N,433.4930000000001,4.055400000000002,105.24,6,Inactive
PubChem_176510137,CNC(=O)c1cnc(Nc2ncccc2OC)c(NC(=O)c2csc3ccccc23)c1,PubChem,XTNXTKXVCVBOLG-UHFFFAOYSA-N,433.4930000000001,4.055400000000002,105.24,6,Inactive
PubChem_176510140,CNC(=O)c1cnc(Nc2ccccc2C)c(NC(=O)c2cnc3c(Cl)cccn23)c1,PubChem,RDVURPOWWSWDGV-UHFFFAOYSA-N,434.8870000000001,4.046620000000002,100.42,5,Inactive
PubChem_176510141,CNC(=O)c1cnc(Nc2ccccc2C)c(NC(=O)c2nc3ccccn3c2F)c1,PubChem,HKFDMLXTSOBABF-UHFFFAOYSA-N,418.4320000000001,3.532320000000002,100.42,5,Inactive
PubChem_176510142,CNC(=O)c1cnc(Nc2ccccc2C)c(NC(=O)c2c[nH]c(=O)cc2C(F)(F)F)c1,PubChem,AEVYNKVIBYMWQD-UHFFFAOYSA-N,445.4010000000001,3.4526200000000014,115.98,5,Inactive
PubChem_176510143,CNC(=O)c1cnc(Nc2ccccc2C)c(NC(=O)c2cc(C)c3ccccc3n2)c1,PubChem,FCOMTZNLDGFLAL-UHFFFAOYSA-N,425.4920000000002,4.602140000000003,96.01,5,Inactive
PubChem_176510145,CNC(=O)c1cnc(Nc2ccccc2C)c(NC(=O)c2cnn3cc(F)ccc23)c1,PubChem,UFJQBNMXNDOBFF-UHFFFAOYSA-N,418.4320000000001,3.532320000000002,100.42,5,Inactive
PubChem_176510146,CNC(=O)c1cnc(Nc2ccccc2C)c(NC(=O)c2cn3c(F)cccc3n2)c1,PubChem,OUSOGYBTMIUDEO-UHFFFAOYSA-N,418.4320000000001,3.532320000000002,100.42,5,Inactive
PubChem_176510148,CNC(=O)c1cnc(Nc2ccccc2C)c(NC(=O)c2nc3ccccn3c2C)c1,PubChem,SRYQCEOAQBTZCB-UHFFFAOYSA-N,414.46900000000016,3.701640000000002,100.42,5,Inactive
PubChem_176510149,CNC(=O)c1cnc(Nc2ccccc2C)c(NC(=O)C(C)n2ccccc2=O)c1,PubChem,OELSDWGFDHNLNZ-UHFFFAOYSA-N,405.45800000000014,2.8546200000000006,105.12,6,Inactive
PubChem_176510150,CNC(=O)c1cnc(Nc2ccccc2C)c(NC(=O)c2cc3cc[nH]c3cc2F)c1,PubChem,OYCAWKQKBPHCRA-UHFFFAOYSA-N,417.4440000000001,4.365920000000003,98.91,5,Inactive
PubChem_176510151,CNC(=O)c1cnc(Nc2ccccc2C)c(NC(=O)c2cnn3cccc(OC)c23)c1,PubChem,JRGFFIYCCZWBFW-UHFFFAOYSA-N,430.4680000000002,3.4018200000000016,109.65,6,Inactive
PubChem_176510152,CNC(=O)c1cnc(Nc2ccccc2C)c(NC(=O)c2ccc3c(cnn3C)c2)c1,PubChem,XLYOEYITEOKBNY-UHFFFAOYSA-N,414.46900000000016,3.632220000000002,100.94,5,Inactive
PubChem_176510153,Cc1ccccc1CNc1cccc(=O)n1Cc1ccccc1C,PubChem,RWBGQHXNSPKRBD-UHFFFAOYSA-N,318.4200000000001,4.125540000000003,34.03,5,Inactive
PubChem_176510156,CNC(=O)c1cnc(Nc2ccccc2C)c(NC(=O)c2ccnc3c(F)cccc23)c1,PubChem,WTZGGRRJBSBWEO-UHFFFAOYSA-N,429.45500000000015,4.432820000000002,96.01,5,Inactive
PubChem_176510157,CNC(=O)c1cnc(Nc2ccccc2C)c(NC(=O)C2CCCCC2(F)F)c1,PubChem,AAOTYHCFSWYHSP-UHFFFAOYSA-N,402.4450000000002,4.257220000000003,83.12,5,Inactive
PubChem_176510159,CNC(=O)c1cnc(Nc2ccccc2C)c(NC(=O)c2cccnc2CS(C)(=O)=O)c1,PubChem,QZEVETPTZBIQRM-UHFFFAOYSA-N,453.5240000000002,2.6851200000000004,130.15,7,Inactive
PubChem_176510161,CNC(=O)c1cnc(Nc2ccccc2C)c(NC(=O)c2cccc(Cl)c2C)c1,PubChem,BNESWHNDLLDKSC-UHFFFAOYSA-N,408.8890000000001,4.707340000000003,83.12,5,Inactive
PubChem_176510162,CC#CCC(C(=O)Nc1cc(C(=O)NC)cnc1Nc1ccccc1C)c1ccccc1,PubChem,LSQRMYJXQJZKQA-UHFFFAOYSA-N,426.5200000000001,4.628920000000004,83.12,7,Inactive
PubChem_176510164,CNC(=O)c1cnc(Nc2ccccc2C)c(NC(=O)c2cccc(OC)c2F)c1,PubChem,IQTDBKNMHAEPMI-UHFFFAOYSA-N,408.43300000000016,3.893220000000002,92.35,6,Inactive
PubChem_176510165,CNC(=O)c1cnc(Nc2ccccc2C)c(NC(=O)c2[nH]nc3ccc(C#N)cc23)c1,PubChem,UUBWDKQWVSNTHG-UHFFFAOYSA-N,425.45200000000017,3.493500000000001,135.59,5,Inactive
PubChem_176510167,CNC(=O)c1cnc(Nc2ccccc2C)c(NC(=O)c2cccn(C(F)F)c2=O)c1,PubChem,JPVMDFLXJALKKU-UHFFFAOYSA-N,427.4110000000001,3.3023200000000017,105.12,6,Inactive
PubChem_176510169,CNC(=O)c1cnc(Nc2ccccc2C)c(NC(=O)c2cc3c(Cl)cccn3c2)c1,PubChem,JEFSQFVVPBHITA-UHFFFAOYSA-N,433.89900000000017,4.651620000000003,87.53,5,Inactive
PubChem_176510170,CNC(=O)c1cnc(Nc2ccccc2C)c(NC(=O)c2onc3c2CCCC3)c1,PubChem,JJYMQKMSMXKBPI-UHFFFAOYSA-N,405.4580000000003,3.612320000000002,109.15,5,Inactive
PubChem_176510172,CNC(=O)c1cnc(Nc2ccccc2C)c(NC(=O)c2cccc3c2OC(C)(C)CC3)c1,PubChem,YGSAKZKJYDGCAX-UHFFFAOYSA-N,444.5350000000003,4.8491200000000045,92.35,5,Inactive
PubChem_176510174,CNC(=O)c1cnc(Nc2ccccc2C)c(NC(=O)C2CCc3cccc(Cl)c32)c1,PubChem,GOSSKBWHNVQSBR-UHFFFAOYSA-N,434.9270000000002,4.815120000000003,83.12,5,Inactive
PubChem_176510175,CNC(=O)c1cnc(Nc2ccccc2C)c(NC(=O)c2cc(C)cc(OC)c2)c1,PubChem,IZEHNNPTAYJUGT-UHFFFAOYSA-N,404.4700000000002,4.062540000000003,92.35,6,Inactive
PubChem_176510178,CNC(=O)c1cnc(Nc2ccccc2C)c(NC(=O)c2cc(C)cc(F)c2F)c1,PubChem,MWXMODJMQMMEAJ-UHFFFAOYSA-N,410.42400000000015,4.3321400000000025,83.12,5,Inactive
PubChem_176510179,CNC(=O)c1cnc(Nc2ccccc2C)c(NC(=O)c2ncsc2C(F)(F)F)c1,PubChem,CGELELYKSYVSEY-UHFFFAOYSA-N,435.4310000000001,4.2208200000000025,96.01,5,Inactive
PubChem_176510180,CNC(=O)c1cnc(Nc2ccccc2C)c(NC(=O)C2CCC(F)(F)CC2)c1,PubChem,SFNXKJHUGWNXJV-UHFFFAOYSA-N,402.4450000000002,4.257220000000003,83.12,5,Inactive
PubChem_176510181,CNC(=O)c1cnc(Nc2ccccc2C)c(NC(=O)c2cccc3ccoc23)c1,PubChem,BLLOGVFZEAMJSF-UHFFFAOYSA-N,400.43800000000016,4.491720000000003,96.26,5,Inactive
PubChem_176510182,CNC(=O)c1cnc(Nc2ccccc2C)c(NC(=O)c2cc(F)ccc2OC(F)(F)F)c1,PubChem,COHBMXYGGFVTJG-UHFFFAOYSA-N,462.4030000000001,4.783220000000003,92.35,6,Inactive
PubChem_176510184,CNC(=O)c1cnc(Nc2ccccc2C)c(NC(=O)CCc2cc(F)ccc2Br)c1,PubChem,KXTBSZMXGVQZFT-UHFFFAOYSA-N,485.3570000000002,4.966120000000004,83.12,7,Inactive
PubChem_176510187,CNC(=O)c1cnc(Nc2ccccc2C)c(NC(=O)Cc2cccc(Br)c2F)c1,PubChem,MZJKEHHLJZUFCW-UHFFFAOYSA-N,471.33000000000015,4.576020000000003,83.12,6,Inactive
PubChem_176510188,CNC(=O)c1cnc(Nc2ccccc2C)c(NC(=O)C2(c3cccc(Br)c3)CC2)c1,PubChem,SOBSYEJOSBOBBW-UHFFFAOYSA-N,479.3780000000002,4.926020000000004,83.12,6,Inactive
PubChem_176510189,CNC(=O)c1cnc(Nc2ccccc2C)c(NC(=O)c2cc3ccccc3n2C)c1,PubChem,RQVPTMGMOJADHB-UHFFFAOYSA-N,413.48100000000017,4.237220000000003,88.05000000000001,5,Inactive
PubChem_176510193,CNC(=O)c1cnc(Nc2ccccc2C)c(NC(=O)c2cn3cccc(Br)c3n2)c1,PubChem,AVUGSIHLUBBBIX-UHFFFAOYSA-N,479.33800000000014,4.155720000000002,100.42,5,Inactive
PubChem_176510196,CNC(=O)c1cnc(Nc2ccccc2C)c(NC(=O)C2(c3cccc(Cl)c3)CC2)c1,PubChem,UWHHKVFRUZHDTH-UHFFFAOYSA-N,434.92700000000025,4.816920000000003,83.12,6,Inactive
PubChem_176510199,CNC(=O)c1cnc(Nc2ccccc2C)c(NC(=O)c2cccc3ccn(C)c23)c1,PubChem,OGTAZMSUVCTHCZ-UHFFFAOYSA-N,413.48100000000017,4.237220000000003,88.05000000000001,5,Inactive
PubChem_176510203,CNC(=O)c1cnc(Nc2ccccc2C)c(NC(=O)c2[nH]c3ccccc3c2Br)c1,PubChem,PUWHUHIXCQHSMX-UHFFFAOYSA-N,478.35000000000014,4.989320000000003,98.91,5,Inactive
PubChem_176510204,CNC(=O)c1cnc(Nc2ccccc2C)c(NC(=O)c2ccc3c(ccn3C)c2)c1,PubChem,CJPNUYSDUYBYLY-UHFFFAOYSA-N,413.48100000000017,4.237220000000003,88.05000000000001,5,Inactive
PubChem_176510207,CNC(=O)c1cnc(Nc2ccccc2C)c(NC(=O)c2cccc3c2OC(C)(C)C3)c1,PubChem,LMKMVPIWLHTGEJ-UHFFFAOYSA-N,430.50800000000027,4.459020000000003,92.35,5,Inactive
PubChem_176510217,CNC(=O)c1cnc(Nc2ccccc2C)c(NC(=O)CCc2cc(Br)ccc2F)c1,PubChem,OEWXSNYIDJYFLQ-UHFFFAOYSA-N,485.3570000000002,4.966120000000004,83.12,7,Inactive
PubChem_176510352,O=C(NCc1ccccc1CN1CCCCC1)c1cc(F)cc(C(F)(F)F)c1,PubChem,JPMQJLZAEMTRQE-UHFFFAOYSA-N,394.4119999999999,4.760400000000005,32.34,5,Inactive
PubChem_176510354,Cc1cccc(-n2nc(C)cc2NC(=O)c2cc(F)cc(C(F)(F)F)c2)c1,PubChem,QOIJRLLXAAOYTH-UHFFFAOYSA-N,377.34100000000007,4.899340000000003,46.92,3,Inactive
PubChem_176510357,O=C(N[C@@H]1CCC[C@H]1N1CCCc2ccccc21)c1cc(F)cc(C(F)(F)F)c1,PubChem,SVOFHFRMHJWPKQ-UYAOXDASSA-N,406.423,4.948200000000004,32.34,3,Inactive
PubChem_176510360,CNC(=O)c1cnc(N[C@@H]2CCCC[C@@H]2CO)c(NC(=O)c2cc(F)cc(C(F)(F)F)c2)c1,PubChem,OBTIMIOKTTZZFB-SJKOYZFVSA-N,468.451,3.8144000000000022,103.35,6,Inactive
PubChem_176510364,O=C1C[C@H](CCO)[C@@H](CNC(=O)c2cc(F)cc(C(F)(F)F)c2)[C@H](c2cc(F)ccc2Cl)N1,PubChem,KBZGYYGFHPRKCH-DHFGEULSSA-N,490.856,4.242800000000004,78.43,6,Inactive
PubChem_176510366,CNC(=O)CN1CC(=O)N[C@H](c2cc(F)ccc2Cl)C1C(=O)NC1CCCC(C(F)(F)F)C1,PubChem,OYTHMFGFSIJJTB-SYLMHVPNSA-N,492.9010000000002,2.3039000000000005,90.54,5,Inactive
